-- MySQL dump 10.13  Distrib 8.0.44, for Linux (x86_64)
--
-- Host: localhost    Database: goldtracker
-- ------------------------------------------------------
-- Server version	8.0.44-0ubuntu0.24.04.2

/*!40101 SET @OLD_CHARACTER_SET_CLIENT=@@CHARACTER_SET_CLIENT */;
/*!40101 SET @OLD_CHARACTER_SET_RESULTS=@@CHARACTER_SET_RESULTS */;
/*!40101 SET @OLD_COLLATION_CONNECTION=@@COLLATION_CONNECTION */;
/*!50503 SET NAMES utf8mb4 */;
/*!40103 SET @OLD_TIME_ZONE=@@TIME_ZONE */;
/*!40103 SET TIME_ZONE='+00:00' */;
/*!40014 SET @OLD_UNIQUE_CHECKS=@@UNIQUE_CHECKS, UNIQUE_CHECKS=0 */;
/*!40014 SET @OLD_FOREIGN_KEY_CHECKS=@@FOREIGN_KEY_CHECKS, FOREIGN_KEY_CHECKS=0 */;
/*!40101 SET @OLD_SQL_MODE=@@SQL_MODE, SQL_MODE='NO_AUTO_VALUE_ON_ZERO' */;
/*!40111 SET @OLD_SQL_NOTES=@@SQL_NOTES, SQL_NOTES=0 */;

--
-- Table structure for table `currencies`
--

DROP TABLE IF EXISTS `currencies`;
/*!40101 SET @saved_cs_client     = @@character_set_client */;
/*!50503 SET character_set_client = utf8mb4 */;
CREATE TABLE `currencies` (
  `currencies_id` int NOT NULL AUTO_INCREMENT,
  `currency_name` varchar(20) NOT NULL,
  `currency_exchange` decimal(20,10) DEFAULT NULL,
  PRIMARY KEY (`currencies_id`),
  UNIQUE KEY `currency_name` (`currency_name`)
) ENGINE=InnoDB AUTO_INCREMENT=516 DEFAULT CHARSET=utf8mb4 COLLATE=utf8mb4_0900_ai_ci;
/*!40101 SET character_set_client = @saved_cs_client */;

--
-- Dumping data for table `currencies`
--

LOCK TABLES `currencies` WRITE;
/*!40000 ALTER TABLE `currencies` DISABLE KEYS */;
INSERT INTO `currencies` VALUES (1,'USD',1.0000000000),(2,'EUR',0.8522500000),(3,'GBP',0.7482500000),(4,'AUD',1.5041000000),(5,'CNY',7.0485000000);
/*!40000 ALTER TABLE `currencies` ENABLE KEYS */;
UNLOCK TABLES;

--
-- Table structure for table `gold_prices`
--

DROP TABLE IF EXISTS `gold_prices`;
/*!40101 SET @saved_cs_client     = @@character_set_client */;
/*!50503 SET character_set_client = utf8mb4 */;
CREATE TABLE `gold_prices` (
  `gold_prices_id` int NOT NULL AUTO_INCREMENT,
  `currency_id` int NOT NULL,
  `price_timestamp_ny` datetime NOT NULL,
  `script_timestamp_my` datetime NOT NULL,
  `bid_price` decimal(20,4) DEFAULT NULL,
  `ask_price` decimal(20,4) DEFAULT NULL,
  `high_price` decimal(20,4) DEFAULT NULL,
  `low_price` decimal(20,4) DEFAULT NULL,
  PRIMARY KEY (`gold_prices_id`),
  KEY `currency_id` (`currency_id`),
  CONSTRAINT `gold_prices_ibfk_1` FOREIGN KEY (`currency_id`) REFERENCES `currencies` (`currencies_id`)
) ENGINE=InnoDB AUTO_INCREMENT=516 DEFAULT CHARSET=utf8mb4 COLLATE=utf8mb4_0900_ai_ci;
/*!40101 SET character_set_client = @saved_cs_client */;

--
-- Dumping data for table `gold_prices`
--

LOCK TABLES `gold_prices` WRITE;
/*!40000 ALTER TABLE `gold_prices` DISABLE KEYS */;
INSERT INTO `gold_prices` VALUES (1,1,'2025-12-10 11:02:02','2025-12-11 00:02:02',4193.0000,4195.0000,4219.7000,4187.1000),(2,2,'2025-12-10 11:02:02','2025-12-11 00:02:02',3602.0000,3603.7100,3624.9300,3596.9300),(3,3,'2025-12-10 11:02:02','2025-12-11 00:02:02',3148.3100,3149.8200,3168.3600,3143.8800),(4,4,'2025-12-10 11:02:02','2025-12-11 00:02:02',6319.0600,6322.0700,6359.3000,6310.1700),(5,5,'2025-12-10 11:02:02','2025-12-11 00:02:02',29620.4000,29634.5300,29809.0200,29578.7200),(6,1,'2025-12-10 13:02:03','2025-12-11 02:02:03',4198.9000,4200.9000,4219.7000,4187.1000),(7,2,'2025-12-10 13:02:03','2025-12-11 02:02:03',3602.4500,3604.1600,3620.2900,3592.3200),(8,3,'2025-12-10 13:02:03','2025-12-11 02:02:03',3147.0800,3148.5700,3162.6700,3138.2300),(9,4,'2025-12-10 13:02:03','2025-12-11 02:02:03',6320.8100,6323.8200,6352.1300,6303.0500),(10,5,'2025-12-10 13:02:03','2025-12-11 02:02:03',29662.2900,29676.4200,29809.2300,29578.9300),(11,1,'2025-12-10 21:02:02','2025-12-11 10:02:02',4237.7000,4239.7000,4248.7000,4223.3000),(12,2,'2025-12-10 21:02:02','2025-12-11 10:02:02',3622.1700,3623.8800,3631.5800,3609.8700),(13,3,'2025-12-10 21:02:02','2025-12-11 10:02:02',3167.6800,3169.1800,3175.9000,3156.9200),(14,4,'2025-12-10 21:02:02','2025-12-11 10:02:02',6354.2200,6357.2200,6370.7100,6332.6300),(15,5,'2025-12-10 21:02:02','2025-12-11 10:02:02',29924.0900,29938.2200,30001.7700,29822.4100),(16,1,'2025-12-10 22:02:03','2025-12-11 11:02:03',4222.3000,4224.3000,4248.7000,4219.7000),(17,2,'2025-12-10 22:02:03','2025-12-11 11:02:03',3610.7000,3612.4100,3633.2800,3608.4800),(18,3,'2025-12-10 22:02:03','2025-12-11 11:02:03',3158.0700,3159.5700,3177.8200,3156.1200),(19,4,'2025-12-10 22:02:03','2025-12-11 11:02:03',6346.7500,6349.7600,6386.4300,6342.8400),(20,5,'2025-12-10 22:02:03','2025-12-11 11:02:03',29815.3500,29829.4700,30001.7700,29796.9900),(21,1,'2025-12-10 23:02:03','2025-12-11 12:02:03',4214.4000,4216.4000,4248.7000,4209.2000),(22,2,'2025-12-10 23:02:03','2025-12-11 12:02:03',3605.6300,3607.3400,3634.9800,3601.1800),(23,3,'2025-12-10 23:02:03','2025-12-11 12:02:03',3153.4200,3154.9200,3179.0900,3149.5300),(24,4,'2025-12-10 23:02:03','2025-12-11 12:02:03',6350.8900,6353.9000,6402.5800,6343.0500),(25,5,'2025-12-10 23:02:03','2025-12-11 12:02:03',29762.7200,29776.8500,30004.9600,29726.0000),(26,1,'2025-12-11 00:02:03','2025-12-11 13:02:03',4212.5000,4214.5000,4248.7000,4207.8000),(27,2,'2025-12-11 00:02:03','2025-12-11 13:02:03',3604.0000,3605.7200,3634.9800,3599.9800),(28,3,'2025-12-11 00:02:03','2025-12-11 13:02:03',3151.5800,3153.0800,3178.6600,3148.0700),(29,4,'2025-12-11 00:02:03','2025-12-11 13:02:03',6346.3400,6349.3500,6400.8800,6339.2600),(30,5,'2025-12-11 00:02:03','2025-12-11 13:02:03',29749.3100,29763.4300,30004.9600,29716.1100),(31,1,'2025-12-11 01:02:03','2025-12-11 14:02:03',4205.9000,4207.9000,4248.7000,4204.8000),(32,2,'2025-12-11 01:02:03','2025-12-11 14:02:03',3599.6200,3601.3300,3636.2500,3598.6800),(33,3,'2025-12-11 01:02:03','2025-12-11 14:02:03',3147.9100,3149.4000,3179.9400,3147.0800),(34,4,'2025-12-11 01:02:03','2025-12-11 14:02:03',6339.7600,6342.7800,6404.2800,6338.1100),(35,5,'2025-12-11 01:02:03','2025-12-11 14:02:03',29701.0100,29715.1400,30003.2600,29693.2500),(36,1,'2025-12-11 02:02:03','2025-12-11 15:02:03',4212.3000,4214.3000,4248.7000,4203.7000),(37,2,'2025-12-11 02:02:03','2025-12-11 15:02:03',3604.6800,3606.3900,3635.8300,3597.3200),(38,3,'2025-12-11 02:02:03','2025-12-11 15:02:03',3151.4300,3152.9300,3178.6600,3145.0000),(39,4,'2025-12-11 02:02:03','2025-12-11 15:02:03',6349.4100,6352.4300,6404.2800,6336.4500),(40,5,'2025-12-11 02:02:03','2025-12-11 15:02:03',29743.4700,29757.5900,30000.5000,29682.7500),(41,1,'2025-12-11 03:02:02','2025-12-11 16:02:02',4215.0000,4217.0000,4248.7000,4203.7000),(42,2,'2025-12-11 03:02:02','2025-12-11 16:02:02',3605.5100,3607.2200,3634.3400,3595.8400),(43,3,'2025-12-11 03:02:02','2025-12-11 16:02:02',3153.4500,3154.9500,3178.6600,3145.0000),(44,4,'2025-12-11 03:02:02','2025-12-11 16:02:02',6345.8900,6348.9000,6396.6300,6328.8800),(45,5,'2025-12-11 03:02:02','2025-12-11 16:02:02',29756.2100,29770.3300,29994.1200,29676.4400),(46,1,'2025-12-11 05:02:04','2025-12-11 18:02:04',4218.4000,4220.4000,4248.7000,4203.7000),(47,2,'2025-12-11 05:02:04','2025-12-11 18:02:04',3605.6800,3607.3900,3631.5800,3593.1100),(48,3,'2025-12-11 05:02:04','2025-12-11 18:02:04',3155.5700,3157.0700,3178.2400,3144.5800),(49,4,'2025-12-11 05:02:04','2025-12-11 18:02:04',6343.0000,6346.0000,6388.5600,6320.8900),(50,5,'2025-12-11 05:02:04','2025-12-11 18:02:04',29773.6800,29787.7900,29987.5400,29669.9200),(51,1,'2025-12-11 06:02:03','2025-12-11 19:02:03',4215.9000,4217.9000,4248.7000,4203.7000),(52,2,'2025-12-11 06:02:03','2025-12-11 19:02:03',3602.2800,3603.9800,3630.3000,3591.8500),(53,3,'2025-12-11 06:02:03','2025-12-11 19:02:03',3152.4400,3153.9300,3176.9700,3143.3200),(54,4,'2025-12-11 06:02:03','2025-12-11 19:02:03',6336.2900,6339.2900,6385.5800,6317.9500),(55,5,'2025-12-11 06:02:03','2025-12-11 19:02:03',29756.0300,29770.1500,29987.5400,29669.9200),(56,1,'2025-12-11 07:02:04','2025-12-11 20:02:04',4210.5000,4212.5000,4248.7000,4203.7000),(57,2,'2025-12-11 07:02:04','2025-12-11 20:02:04',3595.9800,3597.6900,3628.6000,3590.1700),(58,3,'2025-12-11 07:02:04','2025-12-11 20:02:04',3146.3000,3147.7900,3174.8400,3141.2100),(59,4,'2025-12-11 07:02:04','2025-12-11 20:02:04',6324.1700,6327.1700,6381.5500,6313.9600),(60,5,'2025-12-11 07:02:04','2025-12-11 20:02:04',29717.9200,29732.0400,29987.5400,29669.9200),(61,1,'2025-12-11 08:02:03','2025-12-11 21:02:03',4220.1000,4222.1000,4248.7000,4203.7000),(62,2,'2025-12-11 08:02:03','2025-12-11 21:02:03',3602.0700,3603.7700,3626.4800,3588.0700),(63,3,'2025-12-11 08:02:03','2025-12-11 21:02:03',3152.2000,3153.7000,3173.5700,3139.9500),(64,4,'2025-12-11 08:02:03','2025-12-11 21:02:03',6338.8000,6341.8100,6381.7600,6314.1700),(65,5,'2025-12-11 08:02:03','2025-12-11 21:02:03',29785.6800,29799.7900,29987.5400,29669.9200),(66,1,'2025-12-11 09:02:04','2025-12-11 22:02:04',4220.3000,4222.3000,4248.7000,4203.7000),(67,2,'2025-12-11 09:02:04','2025-12-11 22:02:04',3598.4400,3600.1400,3622.6500,3584.2800),(68,3,'2025-12-11 09:02:04','2025-12-11 22:02:04',3148.5500,3150.0500,3169.7400,3136.1700),(69,4,'2025-12-11 09:02:04','2025-12-11 22:02:04',6333.6200,6336.6200,6376.2400,6308.7000),(70,5,'2025-12-11 09:02:04','2025-12-11 22:02:04',29787.0900,29801.2000,29987.5400,29669.9200),(71,1,'2025-12-11 10:02:04','2025-12-11 23:02:04',4230.2000,4232.2000,4248.7000,4203.7000),(72,2,'2025-12-11 10:02:04','2025-12-11 23:02:04',3605.6100,3607.3200,3621.3800,3583.0200),(73,3,'2025-12-11 10:02:04','2025-12-11 23:02:04',3154.2500,3155.7400,3168.0400,3134.4900),(74,4,'2025-12-11 10:02:04','2025-12-11 23:02:04',6354.3900,6357.4000,6382.1800,6314.5900),(75,5,'2025-12-11 10:02:04','2025-12-11 23:02:04',29856.9600,29871.0800,29987.5400,29669.9200),(76,1,'2025-12-11 11:02:04','2025-12-12 00:02:04',4252.3000,4254.3000,4262.4000,4203.7000),(77,2,'2025-12-11 11:02:04','2025-12-12 00:02:04',3618.0700,3619.7700,3626.6600,3576.7200),(78,3,'2025-12-11 11:02:04','2025-12-12 00:02:04',3166.0500,3167.5400,3173.5700,3129.8600),(79,4,'2025-12-11 11:02:04','2025-12-12 00:02:04',6373.5600,6376.5600,6388.7000,6300.7200),(80,5,'2025-12-11 11:02:04','2025-12-12 00:02:04',30012.9500,30027.0600,30084.2300,29669.9200),(81,1,'2025-12-11 12:02:03','2025-12-12 01:02:03',4272.9000,4274.9000,4279.9000,4203.7000),(82,2,'2025-12-11 12:02:03','2025-12-12 01:02:03',3635.6000,3637.3000,3641.5500,3576.7200),(83,3,'2025-12-11 12:02:03','2025-12-12 01:02:03',3183.5200,3185.0100,3188.7400,3131.9700),(84,4,'2025-12-11 12:02:03','2025-12-12 01:02:03',6407.0000,6410.0000,6417.5000,6303.2400),(85,5,'2025-12-11 12:02:03','2025-12-12 01:02:03',30158.3400,30172.4600,30207.7500,29669.9200),(86,1,'2025-12-11 13:02:03','2025-12-12 02:02:03',4278.0000,4280.0000,4282.7000,4203.7000),(87,2,'2025-12-11 13:02:03','2025-12-12 02:02:03',3640.3600,3642.0700,3644.3600,3577.1400),(88,3,'2025-12-11 13:02:03','2025-12-12 02:02:03',3188.6100,3190.1000,3192.1100,3133.2300),(89,4,'2025-12-11 13:02:03','2025-12-12 02:02:03',6414.2200,6417.2200,6421.2700,6302.8200),(90,5,'2025-12-11 13:02:03','2025-12-12 02:02:03',30194.5500,30208.6700,30227.7200,29670.1300),(91,1,'2025-12-11 14:02:03','2025-12-12 03:02:03',4267.3000,4269.3000,4286.9000,4203.7000),(92,2,'2025-12-11 14:02:03','2025-12-12 03:02:03',3631.6900,3633.3900,3648.3700,3577.5600),(93,3,'2025-12-11 14:02:03','2025-12-12 03:02:03',3182.3400,3183.8300,3196.9600,3134.9100),(94,4,'2025-12-11 14:02:03','2025-12-12 03:02:03',6398.1800,6401.1700,6427.5600,6302.8200),(95,5,'2025-12-11 14:02:03','2025-12-12 03:02:03',30119.2400,30133.3600,30257.5800,29670.3500),(96,1,'2025-12-11 15:02:03','2025-12-12 04:02:03',4272.7000,4274.7000,4286.9000,4203.7000),(97,2,'2025-12-11 15:02:03','2025-12-12 04:02:03',3639.7000,3641.4000,3651.8000,3580.9200),(98,3,'2025-12-11 15:02:03','2025-12-12 04:02:03',3191.9200,3193.4100,3202.5300,3140.3700),(99,4,'2025-12-11 15:02:03','2025-12-12 04:02:03',6410.9700,6413.9700,6432.2800,6307.4400),(100,5,'2025-12-11 15:02:03','2025-12-12 04:02:03',30157.3600,30171.4700,30257.5800,29670.3500),(101,1,'2025-12-11 16:02:03','2025-12-12 05:02:03',4275.4000,4277.4000,4286.9000,4203.7000),(102,2,'2025-12-11 16:02:03','2025-12-12 05:02:03',3642.0000,3643.7000,3651.8000,3580.9200),(103,3,'2025-12-11 16:02:03','2025-12-12 05:02:03',3193.0800,3194.5800,3201.6700,3139.5300),(104,4,'2025-12-11 16:02:03','2025-12-12 05:02:03',6416.7300,6419.7400,6433.9900,6309.1200),(105,5,'2025-12-11 16:02:03','2025-12-12 05:02:03',30176.4100,30190.5300,30257.5800,29670.3500),(106,1,'2025-12-11 17:02:02','2025-12-12 06:02:02',4279.1000,4281.1000,4286.9000,4203.7000),(107,2,'2025-12-11 17:02:02','2025-12-12 06:02:02',3646.2200,3647.9300,3652.8700,3581.9700),(108,3,'2025-12-11 17:02:02','2025-12-12 06:02:02',3197.1300,3198.6200,3202.9600,3140.7900),(109,4,'2025-12-11 17:02:02','2025-12-12 06:02:02',6421.4300,6424.4300,6433.1400,6308.2800),(110,5,'2025-12-11 17:02:02','2025-12-12 06:02:02',30202.5300,30216.6500,30257.5800,29670.3500),(111,1,'2025-12-11 18:02:02','2025-12-12 07:02:02',4279.1000,4281.1000,4286.9000,4203.7000),(112,2,'2025-12-11 18:02:02','2025-12-12 07:02:02',3646.2200,3647.9300,3652.8700,3581.9700),(113,3,'2025-12-11 18:02:02','2025-12-12 07:02:02',3197.1300,3198.6200,3202.9600,3140.7900),(114,4,'2025-12-11 18:02:02','2025-12-12 07:02:02',6421.4300,6424.4300,6433.1400,6308.2800),(115,5,'2025-12-11 18:02:02','2025-12-12 07:02:02',30202.5300,30216.6500,30257.5800,29670.3500),(116,1,'2025-12-11 19:02:02','2025-12-12 08:02:02',4275.3000,4277.3000,4284.0000,4272.1000),(117,2,'2025-12-11 19:02:02','2025-12-12 08:02:02',3641.9100,3643.6200,3649.3300,3639.1900),(118,3,'2025-12-11 19:02:02','2025-12-12 08:02:02',3193.0100,3194.5000,3199.5100,3190.6200),(119,4,'2025-12-11 19:02:02','2025-12-12 08:02:02',6418.2900,6421.3000,6431.3500,6413.4900),(120,5,'2025-12-11 19:02:02','2025-12-12 08:02:02',30175.7100,30189.8200,30237.1100,30153.1200),(121,1,'2025-12-11 20:02:02','2025-12-12 09:02:02',4269.4000,4271.4000,4284.0000,4268.2000),(122,2,'2025-12-11 20:02:02','2025-12-12 09:02:02',3637.3200,3639.0200,3649.7500,3636.2900),(123,3,'2025-12-11 20:02:02','2025-12-12 09:02:02',3188.6000,3190.1000,3199.5100,3187.7100),(124,4,'2025-12-11 20:02:02','2025-12-12 09:02:02',6402.1800,6405.1800,6424.0700,6400.3800),(125,5,'2025-12-11 20:02:02','2025-12-12 09:02:02',30134.2800,30148.4000,30237.3300,30125.8100),(126,1,'2025-12-11 21:02:02','2025-12-12 10:02:02',4270.2000,4272.2000,4284.0000,4264.0000),(127,2,'2025-12-11 21:02:02','2025-12-12 10:02:02',3639.7000,3641.4100,3651.4700,3634.4200),(128,3,'2025-12-11 21:02:02','2025-12-12 10:02:02',3189.6300,3191.1200,3199.9300,3184.9900),(129,4,'2025-12-11 21:02:02','2025-12-12 10:02:02',6405.5100,6408.5100,6426.2100,6396.2100),(130,5,'2025-12-11 21:02:02','2025-12-12 10:02:02',30133.0900,30147.2100,30230.4700,30089.3400),(131,1,'2025-12-11 22:02:02','2025-12-12 11:02:02',4270.4000,4272.4000,4284.0000,4264.0000),(132,2,'2025-12-11 22:02:02','2025-12-12 11:02:02',3639.8800,3641.5800,3651.4700,3634.4200),(133,3,'2025-12-11 22:02:02','2025-12-12 11:02:02',3189.7800,3191.2700,3199.9300,3184.9900),(134,4,'2025-12-11 22:02:02','2025-12-12 11:02:02',6407.9500,6410.9500,6428.3600,6398.3500),(135,5,'2025-12-11 22:02:02','2025-12-12 11:02:02',30130.4500,30144.5600,30226.4000,30085.2900),(136,1,'2025-12-11 23:02:03','2025-12-12 12:02:03',4269.8000,4271.8000,4284.0000,4264.0000),(137,2,'2025-12-11 23:02:03','2025-12-12 12:02:03',3639.7900,3641.5000,3651.9000,3634.8500),(138,3,'2025-12-11 23:02:03','2025-12-12 12:02:03',3189.7500,3191.2500,3200.3600,3185.4200),(139,4,'2025-12-11 23:02:03','2025-12-12 12:02:03',6407.4800,6410.4800,6428.7800,6398.7700),(140,5,'2025-12-11 23:02:03','2025-12-12 12:02:03',30126.8500,30140.9700,30227.0500,30085.9300),(141,1,'2025-12-12 00:02:03','2025-12-12 13:02:03',4265.5000,4267.5000,4284.0000,4264.0000),(142,2,'2025-12-12 00:02:03','2025-12-12 13:02:03',3636.5500,3638.2600,3652.3200,3635.2700),(143,3,'2025-12-12 00:02:03','2025-12-12 13:02:03',3186.5400,3188.0400,3200.3600,3185.4200),(144,4,'2025-12-12 00:02:03','2025-12-12 13:02:03',6404.4300,6407.4400,6432.2100,6402.1800),(145,5,'2025-12-12 00:02:03','2025-12-12 13:02:03',30096.0900,30110.2000,30226.6200,30085.5000),(146,1,'2025-12-12 01:02:02','2025-12-12 14:02:02',4278.6000,4280.6000,4284.0000,4264.0000),(147,2,'2025-12-12 01:02:02','2025-12-12 14:02:02',3645.1500,3646.8600,3649.7500,3632.7100),(148,3,'2025-12-12 01:02:02','2025-12-12 14:02:02',3194.6200,3196.1100,3198.6500,3183.7200),(149,4,'2025-12-12 01:02:02','2025-12-12 14:02:02',6417.6900,6420.6900,6425.7900,6395.7900),(150,5,'2025-12-12 01:02:02','2025-12-12 14:02:02',30187.6600,30201.7700,30225.7600,30084.6500),(151,1,'2025-12-12 02:02:02','2025-12-12 15:02:02',4281.6000,4283.6000,4284.0000,4264.0000),(152,2,'2025-12-12 02:02:02','2025-12-12 15:02:02',3648.5700,3650.2700,3650.6100,3633.5700),(153,3,'2025-12-12 02:02:02','2025-12-12 15:02:02',3200.2800,3201.7800,3202.0800,3187.1300),(154,4,'2025-12-12 02:02:02','2025-12-12 15:02:02',6425.6100,6428.6100,6429.2100,6399.2000),(155,5,'2025-12-12 02:02:02','2025-12-12 15:02:02',30208.4000,30222.5100,30225.3300,30084.2300),(156,1,'2025-12-12 03:02:03','2025-12-12 16:02:03',4288.2000,4290.2000,4291.2000,4264.0000),(157,2,'2025-12-12 03:02:03','2025-12-12 16:02:03',3654.6200,3656.3200,3657.1800,3633.9900),(158,3,'2025-12-12 03:02:03','2025-12-12 16:02:03',3205.6400,3207.1400,3207.8900,3187.5500),(159,4,'2025-12-12 03:02:03','2025-12-12 16:02:03',6432.5100,6435.5100,6437.0100,6396.2100),(160,5,'2025-12-12 03:02:03','2025-12-12 16:02:03',30255.4000,30269.5100,30276.5600,30084.6500),(161,1,'2025-12-12 04:02:02','2025-12-12 17:02:02',4308.1000,4310.1000,4310.1000,4264.0000),(162,2,'2025-12-12 04:02:02','2025-12-12 17:02:02',3674.1600,3675.8700,3675.8700,3636.5500),(163,3,'2025-12-12 04:02:02','2025-12-12 17:02:02',3220.9500,3222.4500,3222.4500,3187.9800),(164,4,'2025-12-12 04:02:02','2025-12-12 17:02:02',6456.3300,6459.3300,6459.3300,6390.2400),(165,5,'2025-12-12 04:02:02','2025-12-12 17:02:02',30394.5100,30408.6200,30408.6200,30083.3700),(166,1,'2025-12-12 05:02:02','2025-12-12 18:02:02',4316.1000,4318.1000,4321.4000,4264.0000),(167,2,'2025-12-12 05:02:02','2025-12-12 18:02:02',3679.2600,3680.9600,3683.7800,3634.8500),(168,3,'2025-12-12 05:02:02','2025-12-12 18:02:02',3226.0700,3227.5600,3230.0300,3187.1300),(169,4,'2025-12-12 05:02:02','2025-12-12 18:02:02',6473.5000,6476.5000,6481.4500,6395.3600),(170,5,'2025-12-12 05:02:02','2025-12-12 18:02:02',30456.3400,30470.4600,30493.7400,30088.7000),(171,1,'2025-12-12 06:02:02','2025-12-12 19:02:02',4329.6000,4331.6000,4331.7000,4264.0000),(172,2,'2025-12-12 06:02:02','2025-12-12 19:02:02',3692.9300,3694.6400,3694.7200,3636.9800),(173,3,'2025-12-12 06:02:02','2025-12-12 19:02:02',3237.8900,3239.3900,3239.4600,3188.8300),(174,4,'2025-12-12 06:02:02','2025-12-12 19:02:02',6493.7500,6496.7500,6496.9000,6395.3600),(175,5,'2025-12-12 06:02:02','2025-12-12 19:02:02',30545.9800,30560.0900,30560.7900,30083.1600),(176,1,'2025-12-12 07:02:02','2025-12-12 20:02:02',4336.7000,4338.7000,4340.2000,4264.0000),(177,2,'2025-12-12 07:02:02','2025-12-12 20:02:02',3698.9900,3700.6900,3701.9700,3636.9800),(178,3,'2025-12-12 07:02:02','2025-12-12 20:02:02',3243.2000,3244.7000,3245.8200,3188.8300),(179,4,'2025-12-12 07:02:02','2025-12-12 20:02:02',6506.1300,6509.1300,6511.3900,6397.0700),(180,5,'2025-12-12 07:02:02','2025-12-12 20:02:02',30594.1200,30608.2300,30618.8100,30081.2400),(181,1,'2025-12-12 08:02:02','2025-12-12 21:02:02',4321.7000,4323.7000,4340.2000,4264.0000),(182,2,'2025-12-12 08:02:02','2025-12-12 21:02:02',3686.6300,3688.3300,3702.4100,3637.4100),(183,3,'2025-12-12 08:02:02','2025-12-12 21:02:02',3232.4200,3233.9100,3246.2500,3189.2600),(184,4,'2025-12-12 08:02:02','2025-12-12 21:02:02',6487.5200,6490.5200,6515.2900,6400.9000),(185,5,'2025-12-12 08:02:02','2025-12-12 21:02:02',30488.3000,30502.4100,30618.8100,30081.2400),(186,1,'2025-12-12 09:02:03','2025-12-12 22:02:03',4340.1000,4342.1000,4346.8000,4264.0000),(187,2,'2025-12-12 09:02:03','2025-12-12 22:02:03',3701.4500,3703.1600,3707.1700,3636.5500),(188,3,'2025-12-12 09:02:03','2025-12-12 22:02:03',3247.9100,3249.4100,3252.9300,3190.9600),(189,4,'2025-12-12 09:02:03','2025-12-12 22:02:03',6513.4100,6516.4100,6523.4600,6399.2000),(190,5,'2025-12-12 09:02:03','2025-12-12 22:02:03',30618.3200,30632.4300,30665.5900,30081.4500),(191,1,'2025-12-12 10:02:02','2025-12-12 23:02:02',4346.2000,4348.2000,4354.3000,4264.0000),(192,2,'2025-12-12 10:02:02','2025-12-12 23:02:02',3702.3100,3704.0100,3709.2100,3632.2900),(193,3,'2025-12-12 10:02:02','2025-12-12 23:02:02',3251.1700,3252.6700,3257.2300,3189.6900),(194,4,'2025-12-12 10:02:02','2025-12-12 23:02:02',6522.9900,6526.0000,6535.1500,6399.6200),(195,5,'2025-12-12 10:02:02','2025-12-12 23:02:02',30661.3500,30675.4600,30718.5000,30081.4500),(196,1,'2025-12-12 11:02:02','2025-12-13 00:02:03',4285.3000,4287.3000,4354.3000,4264.0000),(197,2,'2025-12-12 11:02:02','2025-12-13 00:02:03',3651.7200,3653.4200,3710.5200,3633.5700),(198,3,'2025-12-12 11:02:02','2025-12-13 00:02:03',3209.9000,3211.4000,3261.5900,3193.9500),(199,4,'2025-12-12 11:02:02','2025-12-13 00:02:03',6451.7300,6454.7400,6555.6200,6419.6700),(200,5,'2025-12-12 11:02:02','2025-12-13 00:02:03',30233.2200,30247.3300,30720.0200,30082.9500),(201,1,'2025-12-12 12:02:02','2025-12-13 01:02:02',4280.8000,4282.8000,4354.3000,4256.8000),(202,2,'2025-12-12 12:02:02','2025-12-13 01:02:02',3649.6000,3651.3000,3712.2600,3629.1300),(203,3,'2025-12-12 12:02:02','2025-12-13 01:02:02',3207.3900,3208.8900,3262.4600,3189.4100),(204,4,'2025-12-12 12:02:02','2025-12-13 01:02:02',6445.8100,6448.8300,6556.4900,6409.6800),(205,5,'2025-12-12 12:02:02','2025-12-13 01:02:02',30201.6900,30215.8000,30720.2400,30032.3600),(206,1,'2025-12-12 13:02:02','2025-12-13 02:02:02',4293.4000,4295.4000,4354.3000,4256.8000),(207,2,'2025-12-12 13:02:02','2025-12-13 02:02:02',3655.6200,3657.3200,3707.4700,3624.4500),(208,3,'2025-12-12 13:02:02','2025-12-13 02:02:02',3211.2500,3212.7400,3256.8000,3183.8700),(209,4,'2025-12-12 13:02:02','2025-12-13 02:02:02',6454.9100,6457.9200,6546.4700,6399.8900),(210,5,'2025-12-12 13:02:02','2025-12-13 02:02:02',30288.8600,30302.9700,30718.5000,30030.6600),(211,1,'2025-12-12 14:02:02','2025-12-13 03:02:02',4294.0000,4296.0000,4354.3000,4256.8000),(212,2,'2025-12-12 14:02:02','2025-12-13 03:02:02',3658.2700,3659.9800,3709.6500,3626.5800),(213,3,'2025-12-12 14:02:02','2025-12-13 03:02:02',3214.7000,3216.2000,3259.8500,3186.8500),(214,4,'2025-12-12 14:02:02','2025-12-13 03:02:02',6455.3800,6458.3900,6546.0400,6399.4600),(215,5,'2025-12-12 14:02:02','2025-12-13 03:02:02',30293.1000,30307.2100,30718.5000,30030.6600),(216,1,'2025-12-12 15:02:03','2025-12-13 04:02:03',4295.7000,4297.7000,4354.3000,4256.8000),(217,2,'2025-12-12 15:02:03','2025-12-13 04:02:03',3659.2900,3661.0000,3709.2100,3626.1600),(218,3,'2025-12-12 15:02:03','2025-12-13 04:02:03',3213.8300,3215.3200,3257.6700,3184.7200),(219,4,'2025-12-12 15:02:03','2025-12-13 04:02:03',6457.5100,6460.5200,6545.6000,6399.0300),(220,5,'2025-12-12 15:02:03','2025-12-13 04:02:03',30305.0900,30319.2000,30718.5000,30030.6600),(221,1,'2025-12-12 16:02:03','2025-12-13 05:02:03',4298.4000,4300.4000,4354.3000,4256.8000),(222,2,'2025-12-12 16:02:03','2025-12-13 05:02:03',3662.4500,3664.1600,3710.0800,3627.0100),(223,3,'2025-12-12 16:02:03','2025-12-13 05:02:03',3217.1400,3218.6300,3258.9800,3186.0000),(224,4,'2025-12-12 16:02:03','2025-12-13 05:02:03',6463.2900,6466.3000,6547.3400,6400.7400),(225,5,'2025-12-12 16:02:03','2025-12-13 05:02:03',30324.1400,30338.2500,30718.5000,30030.6600),(226,1,'2025-12-12 17:02:02','2025-12-13 06:02:02',4298.7000,4300.7000,4354.3000,4256.8000),(227,2,'2025-12-12 17:02:02','2025-12-13 06:02:02',3662.2800,3663.9800,3709.6500,3626.5800),(228,3,'2025-12-12 17:02:02','2025-12-13 06:02:02',3215.6400,3217.1400,3257.2300,3184.3000),(229,4,'2025-12-12 17:02:02','2025-12-13 06:02:02',6462.4500,6465.4600,6546.0400,6399.4600),(230,5,'2025-12-12 17:02:02','2025-12-13 06:02:02',30326.2500,30340.3600,30718.5000,30030.6600),(231,1,'2025-12-12 18:02:02','2025-12-13 07:02:02',4298.7000,4300.7000,4354.3000,4256.8000),(232,2,'2025-12-12 18:02:02','2025-12-13 07:02:02',3662.2800,3663.9800,3709.6500,3626.5800),(233,3,'2025-12-12 18:02:02','2025-12-13 07:02:02',3215.6400,3217.1400,3257.2300,3184.3000),(234,4,'2025-12-12 18:02:02','2025-12-13 07:02:02',6462.4500,6465.4600,6546.0400,6399.4600),(235,5,'2025-12-12 18:02:02','2025-12-13 07:02:02',30326.2500,30340.3600,30718.5000,30030.6600),(236,1,'2025-12-12 19:02:02','2025-12-13 08:02:02',4298.7000,4300.7000,4354.3000,4256.8000),(237,2,'2025-12-12 19:02:02','2025-12-13 08:02:02',3662.2800,3663.9800,3709.6500,3626.5800),(238,3,'2025-12-12 19:02:02','2025-12-13 08:02:02',3215.6400,3217.1400,3257.2300,3184.3000),(239,4,'2025-12-12 19:02:02','2025-12-13 08:02:02',6462.4500,6465.4600,6546.0400,6399.4600),(240,5,'2025-12-12 19:02:02','2025-12-13 08:02:02',30326.2500,30340.3600,30718.5000,30030.6600),(241,1,'2025-12-12 20:02:02','2025-12-13 09:02:02',4298.7000,4300.7000,4354.3000,4256.8000),(242,2,'2025-12-12 20:02:02','2025-12-13 09:02:02',3662.2800,3663.9800,3709.6500,3626.5800),(243,3,'2025-12-12 20:02:02','2025-12-13 09:02:02',3215.6400,3217.1400,3257.2300,3184.3000),(244,4,'2025-12-12 20:02:02','2025-12-13 09:02:02',6462.4500,6465.4600,6546.0400,6399.4600),(245,5,'2025-12-12 20:02:02','2025-12-13 09:02:02',30326.2500,30340.3600,30718.5000,30030.6600),(246,1,'2025-12-12 21:02:02','2025-12-13 10:02:02',4298.7000,4300.7000,4354.3000,4256.8000),(247,2,'2025-12-12 21:02:02','2025-12-13 10:02:02',3662.2800,3663.9800,3709.6500,3626.5800),(248,3,'2025-12-12 21:02:02','2025-12-13 10:02:02',3215.6400,3217.1400,3257.2300,3184.3000),(249,4,'2025-12-12 21:02:02','2025-12-13 10:02:02',6462.4500,6465.4600,6546.0400,6399.4600),(250,5,'2025-12-12 21:02:02','2025-12-13 10:02:02',30326.2500,30340.3600,30718.5000,30030.6600),(251,1,'2025-12-12 22:02:02','2025-12-13 11:02:02',4298.7000,4300.7000,4354.3000,4256.8000),(252,2,'2025-12-12 22:02:02','2025-12-13 11:02:02',3662.2800,3663.9800,3709.6500,3626.5800),(253,3,'2025-12-12 22:02:02','2025-12-13 11:02:02',3215.6400,3217.1400,3257.2300,3184.3000),(254,4,'2025-12-12 22:02:02','2025-12-13 11:02:02',6462.4500,6465.4600,6546.0400,6399.4600),(255,5,'2025-12-12 22:02:02','2025-12-13 11:02:02',30326.2500,30340.3600,30718.5000,30030.6600),(256,1,'2025-12-12 23:02:02','2025-12-13 12:02:02',4298.7000,4300.7000,4354.3000,4256.8000),(257,2,'2025-12-12 23:02:02','2025-12-13 12:02:02',3662.2800,3663.9800,3709.6500,3626.5800),(258,3,'2025-12-12 23:02:02','2025-12-13 12:02:02',3215.6400,3217.1400,3257.2300,3184.3000),(259,4,'2025-12-12 23:02:02','2025-12-13 12:02:02',6462.4500,6465.4600,6546.0400,6399.4600),(260,5,'2025-12-12 23:02:02','2025-12-13 12:02:02',30326.2500,30340.3600,30718.5000,30030.6600),(261,1,'2025-12-13 00:02:02','2025-12-13 13:02:02',4298.7000,4300.7000,4354.3000,4256.8000),(262,2,'2025-12-13 00:02:02','2025-12-13 13:02:02',3662.2800,3663.9800,3709.6500,3626.5800),(263,3,'2025-12-13 00:02:02','2025-12-13 13:02:02',3215.6400,3217.1400,3257.2300,3184.3000),(264,4,'2025-12-13 00:02:02','2025-12-13 13:02:02',6462.4500,6465.4600,6546.0400,6399.4600),(265,5,'2025-12-13 00:02:02','2025-12-13 13:02:02',30326.2500,30340.3600,30718.5000,30030.6600),(266,1,'2025-12-13 01:02:02','2025-12-13 14:02:02',4298.7000,4300.7000,4354.3000,4256.8000),(267,2,'2025-12-13 01:02:02','2025-12-13 14:02:02',3662.2800,3663.9800,3709.6500,3626.5800),(268,3,'2025-12-13 01:02:02','2025-12-13 14:02:02',3215.6400,3217.1400,3257.2300,3184.3000),(269,4,'2025-12-13 01:02:02','2025-12-13 14:02:02',6462.4500,6465.4600,6546.0400,6399.4600),(270,5,'2025-12-13 01:02:02','2025-12-13 14:02:02',30326.2500,30340.3600,30718.5000,30030.6600),(271,1,'2025-12-13 02:02:02','2025-12-13 15:02:02',4298.7000,4300.7000,4354.3000,4256.8000),(272,2,'2025-12-13 02:02:02','2025-12-13 15:02:02',3662.2800,3663.9800,3709.6500,3626.5800),(273,3,'2025-12-13 02:02:02','2025-12-13 15:02:02',3215.6400,3217.1400,3257.2300,3184.3000),(274,4,'2025-12-13 02:02:02','2025-12-13 15:02:02',6462.4500,6465.4600,6546.0400,6399.4600),(275,5,'2025-12-13 02:02:02','2025-12-13 15:02:02',30326.2500,30340.3600,30718.5000,30030.6600),(276,1,'2025-12-13 03:02:02','2025-12-13 16:02:02',4298.7000,4300.7000,4354.3000,4256.8000),(277,2,'2025-12-13 03:02:02','2025-12-13 16:02:02',3662.2800,3663.9800,3709.6500,3626.5800),(278,3,'2025-12-13 03:02:02','2025-12-13 16:02:02',3215.6400,3217.1400,3257.2300,3184.3000),(279,4,'2025-12-13 03:02:02','2025-12-13 16:02:02',6462.4500,6465.4600,6546.0400,6399.4600),(280,5,'2025-12-13 03:02:02','2025-12-13 16:02:02',30326.2500,30340.3600,30718.5000,30030.6600),(281,1,'2025-12-13 04:02:02','2025-12-13 17:02:02',4298.7000,4300.7000,4354.3000,4256.8000),(282,2,'2025-12-13 04:02:02','2025-12-13 17:02:02',3662.2800,3663.9800,3709.6500,3626.5800),(283,3,'2025-12-13 04:02:02','2025-12-13 17:02:02',3215.6400,3217.1400,3257.2300,3184.3000),(284,4,'2025-12-13 04:02:02','2025-12-13 17:02:02',6462.4500,6465.4600,6546.0400,6399.4600),(285,5,'2025-12-13 04:02:02','2025-12-13 17:02:02',30326.2500,30340.3600,30718.5000,30030.6600),(286,1,'2025-12-13 05:02:03','2025-12-13 18:02:03',4298.7000,4300.7000,4354.3000,4256.8000),(287,2,'2025-12-13 05:02:03','2025-12-13 18:02:03',3662.2800,3663.9800,3709.6500,3626.5800),(288,3,'2025-12-13 05:02:03','2025-12-13 18:02:03',3215.6400,3217.1400,3257.2300,3184.3000),(289,4,'2025-12-13 05:02:03','2025-12-13 18:02:03',6462.4500,6465.4600,6546.0400,6399.4600),(290,5,'2025-12-13 05:02:03','2025-12-13 18:02:03',30326.2500,30340.3600,30718.5000,30030.6600),(291,1,'2025-12-13 06:02:02','2025-12-13 19:02:02',4298.7000,4300.7000,4354.3000,4256.8000),(292,2,'2025-12-13 06:02:02','2025-12-13 19:02:02',3662.2800,3663.9800,3709.6500,3626.5800),(293,3,'2025-12-13 06:02:02','2025-12-13 19:02:02',3215.6400,3217.1400,3257.2300,3184.3000),(294,4,'2025-12-13 06:02:02','2025-12-13 19:02:02',6462.4500,6465.4600,6546.0400,6399.4600),(295,5,'2025-12-13 06:02:02','2025-12-13 19:02:02',30326.2500,30340.3600,30718.5000,30030.6600),(296,1,'2025-12-13 07:02:03','2025-12-13 20:02:03',4298.7000,4300.7000,4354.3000,4256.8000),(297,2,'2025-12-13 07:02:03','2025-12-13 20:02:03',3662.2800,3663.9800,3709.6500,3626.5800),(298,3,'2025-12-13 07:02:03','2025-12-13 20:02:03',3215.6400,3217.1400,3257.2300,3184.3000),(299,4,'2025-12-13 07:02:03','2025-12-13 20:02:03',6462.4500,6465.4600,6546.0400,6399.4600),(300,5,'2025-12-13 07:02:03','2025-12-13 20:02:03',30326.2500,30340.3600,30718.5000,30030.6600),(301,1,'2025-12-13 08:02:02','2025-12-13 21:02:02',4298.7000,4300.7000,4354.3000,4256.8000),(302,2,'2025-12-13 08:02:02','2025-12-13 21:02:02',3662.2800,3663.9800,3709.6500,3626.5800),(303,3,'2025-12-13 08:02:02','2025-12-13 21:02:02',3215.6400,3217.1400,3257.2300,3184.3000),(304,4,'2025-12-13 08:02:02','2025-12-13 21:02:02',6462.4500,6465.4600,6546.0400,6399.4600),(305,5,'2025-12-13 08:02:02','2025-12-13 21:02:02',30326.2500,30340.3600,30718.5000,30030.6600),(306,1,'2025-12-13 09:02:02','2025-12-13 22:02:02',4298.7000,4300.7000,4354.3000,4256.8000),(307,2,'2025-12-13 09:02:02','2025-12-13 22:02:02',3662.2800,3663.9800,3709.6500,3626.5800),(308,3,'2025-12-13 09:02:02','2025-12-13 22:02:02',3215.6400,3217.1400,3257.2300,3184.3000),(309,4,'2025-12-13 09:02:02','2025-12-13 22:02:02',6462.4500,6465.4600,6546.0400,6399.4600),(310,5,'2025-12-13 09:02:02','2025-12-13 22:02:02',30326.2500,30340.3600,30718.5000,30030.6600),(311,1,'2025-12-13 10:02:02','2025-12-13 23:02:02',4298.7000,4300.7000,4354.3000,4256.8000),(312,2,'2025-12-13 10:02:02','2025-12-13 23:02:02',3662.2800,3663.9800,3709.6500,3626.5800),(313,3,'2025-12-13 10:02:02','2025-12-13 23:02:02',3215.6400,3217.1400,3257.2300,3184.3000),(314,4,'2025-12-13 10:02:02','2025-12-13 23:02:02',6462.4500,6465.4600,6546.0400,6399.4600),(315,5,'2025-12-13 10:02:02','2025-12-13 23:02:02',30326.2500,30340.3600,30718.5000,30030.6600),(316,1,'2025-12-13 11:02:02','2025-12-14 00:02:02',4298.7000,4300.7000,4354.3000,4256.8000),(317,2,'2025-12-13 11:02:02','2025-12-14 00:02:02',3662.2800,3663.9800,3709.6500,3626.5800),(318,3,'2025-12-13 11:02:02','2025-12-14 00:02:02',3215.6400,3217.1400,3257.2300,3184.3000),(319,4,'2025-12-13 11:02:02','2025-12-14 00:02:02',6462.4500,6465.4600,6546.0400,6399.4600),(320,5,'2025-12-13 11:02:02','2025-12-14 00:02:02',30326.2500,30340.3600,30718.5000,30030.6600),(321,1,'2025-12-13 12:02:03','2025-12-14 01:02:03',4298.7000,4300.7000,4354.3000,4256.8000),(322,2,'2025-12-13 12:02:03','2025-12-14 01:02:03',3662.2800,3663.9800,3709.6500,3626.5800),(323,3,'2025-12-13 12:02:03','2025-12-14 01:02:03',3215.6400,3217.1400,3257.2300,3184.3000),(324,4,'2025-12-13 12:02:03','2025-12-14 01:02:03',6462.4500,6465.4600,6546.0400,6399.4600),(325,5,'2025-12-13 12:02:03','2025-12-14 01:02:03',30326.2500,30340.3600,30718.5000,30030.6600),(326,1,'2025-12-13 13:02:03','2025-12-14 02:02:03',4298.7000,4300.7000,4354.3000,4256.8000),(327,2,'2025-12-13 13:02:03','2025-12-14 02:02:03',3662.2800,3663.9800,3709.6500,3626.5800),(328,3,'2025-12-13 13:02:03','2025-12-14 02:02:03',3215.6400,3217.1400,3257.2300,3184.3000),(329,4,'2025-12-13 13:02:03','2025-12-14 02:02:03',6462.4500,6465.4600,6546.0400,6399.4600),(330,5,'2025-12-13 13:02:03','2025-12-14 02:02:03',30326.2500,30340.3600,30718.5000,30030.6600),(331,1,'2025-12-13 14:02:02','2025-12-14 03:02:02',4298.7000,4300.7000,4354.3000,4256.8000),(332,2,'2025-12-13 14:02:02','2025-12-14 03:02:02',3662.2800,3663.9800,3709.6500,3626.5800),(333,3,'2025-12-13 14:02:02','2025-12-14 03:02:02',3215.6400,3217.1400,3257.2300,3184.3000),(334,4,'2025-12-13 14:02:02','2025-12-14 03:02:02',6462.4500,6465.4600,6546.0400,6399.4600),(335,5,'2025-12-13 14:02:02','2025-12-14 03:02:02',30326.2500,30340.3600,30718.5000,30030.6600),(336,1,'2025-12-13 15:02:02','2025-12-14 04:02:02',4298.7000,4300.7000,4354.3000,4256.8000),(337,2,'2025-12-13 15:02:02','2025-12-14 04:02:02',3662.2800,3663.9800,3709.6500,3626.5800),(338,3,'2025-12-13 15:02:02','2025-12-14 04:02:02',3215.6400,3217.1400,3257.2300,3184.3000),(339,4,'2025-12-13 15:02:02','2025-12-14 04:02:02',6462.4500,6465.4600,6546.0400,6399.4600),(340,5,'2025-12-13 15:02:02','2025-12-14 04:02:02',30326.2500,30340.3600,30718.5000,30030.6600),(341,1,'2025-12-13 16:02:02','2025-12-14 05:02:02',4298.7000,4300.7000,4354.3000,4256.8000),(342,2,'2025-12-13 16:02:02','2025-12-14 05:02:02',3662.2800,3663.9800,3709.6500,3626.5800),(343,3,'2025-12-13 16:02:02','2025-12-14 05:02:02',3215.6400,3217.1400,3257.2300,3184.3000),(344,4,'2025-12-13 16:02:02','2025-12-14 05:02:02',6462.4500,6465.4600,6546.0400,6399.4600),(345,5,'2025-12-13 16:02:02','2025-12-14 05:02:02',30326.2500,30340.3600,30718.5000,30030.6600),(346,1,'2025-12-13 17:02:02','2025-12-14 06:02:02',4298.7000,4300.7000,4354.3000,4256.8000),(347,2,'2025-12-13 17:02:02','2025-12-14 06:02:02',3662.2800,3663.9800,3709.6500,3626.5800),(348,3,'2025-12-13 17:02:02','2025-12-14 06:02:02',3215.6400,3217.1400,3257.2300,3184.3000),(349,4,'2025-12-13 17:02:02','2025-12-14 06:02:02',6462.4500,6465.4600,6546.0400,6399.4600),(350,5,'2025-12-13 17:02:02','2025-12-14 06:02:02',30326.2500,30340.3600,30718.5000,30030.6600),(351,1,'2025-12-13 18:02:02','2025-12-14 07:02:02',4298.7000,4300.7000,4354.3000,4256.8000),(352,2,'2025-12-13 18:02:02','2025-12-14 07:02:02',3662.2800,3663.9800,3709.6500,3626.5800),(353,3,'2025-12-13 18:02:02','2025-12-14 07:02:02',3215.6400,3217.1400,3257.2300,3184.3000),(354,4,'2025-12-13 18:02:02','2025-12-14 07:02:02',6462.4500,6465.4600,6546.0400,6399.4600),(355,5,'2025-12-13 18:02:02','2025-12-14 07:02:02',30326.2500,30340.3600,30718.5000,30030.6600),(356,1,'2025-12-13 19:02:02','2025-12-14 08:02:02',4298.7000,4300.7000,4354.3000,4256.8000),(357,2,'2025-12-13 19:02:02','2025-12-14 08:02:02',3662.2800,3663.9800,3709.6500,3626.5800),(358,3,'2025-12-13 19:02:02','2025-12-14 08:02:02',3215.6400,3217.1400,3257.2300,3184.3000),(359,4,'2025-12-13 19:02:02','2025-12-14 08:02:02',6462.4500,6465.4600,6546.0400,6399.4600),(360,5,'2025-12-13 19:02:02','2025-12-14 08:02:02',30326.2500,30340.3600,30718.5000,30030.6600),(361,1,'2025-12-13 20:02:02','2025-12-14 09:02:02',4298.7000,4300.7000,4354.3000,4256.8000),(362,2,'2025-12-13 20:02:02','2025-12-14 09:02:02',3662.2800,3663.9800,3709.6500,3626.5800),(363,3,'2025-12-13 20:02:02','2025-12-14 09:02:02',3215.6400,3217.1400,3257.2300,3184.3000),(364,4,'2025-12-13 20:02:02','2025-12-14 09:02:02',6462.4500,6465.4600,6546.0400,6399.4600),(365,5,'2025-12-13 20:02:02','2025-12-14 09:02:02',30326.2500,30340.3600,30718.5000,30030.6600),(366,1,'2025-12-13 21:02:02','2025-12-14 10:02:02',4298.7000,4300.7000,4354.3000,4256.8000),(367,2,'2025-12-13 21:02:02','2025-12-14 10:02:02',3662.2800,3663.9800,3709.6500,3626.5800),(368,3,'2025-12-13 21:02:02','2025-12-14 10:02:02',3215.6400,3217.1400,3257.2300,3184.3000),(369,4,'2025-12-13 21:02:02','2025-12-14 10:02:02',6462.4500,6465.4600,6546.0400,6399.4600),(370,5,'2025-12-13 21:02:02','2025-12-14 10:02:02',30326.2500,30340.3600,30718.5000,30030.6600),(371,1,'2025-12-13 22:02:02','2025-12-14 11:02:02',4298.7000,4300.7000,4354.3000,4256.8000),(372,2,'2025-12-13 22:02:02','2025-12-14 11:02:02',3662.2800,3663.9800,3709.6500,3626.5800),(373,3,'2025-12-13 22:02:02','2025-12-14 11:02:02',3215.6400,3217.1400,3257.2300,3184.3000),(374,4,'2025-12-13 22:02:02','2025-12-14 11:02:02',6462.4500,6465.4600,6546.0400,6399.4600),(375,5,'2025-12-13 22:02:02','2025-12-14 11:02:02',30326.2500,30340.3600,30718.5000,30030.6600),(376,1,'2025-12-13 23:02:03','2025-12-14 12:02:03',4298.7000,4300.7000,4354.3000,4256.8000),(377,2,'2025-12-13 23:02:03','2025-12-14 12:02:03',3662.2800,3663.9800,3709.6500,3626.5800),(378,3,'2025-12-13 23:02:03','2025-12-14 12:02:03',3215.6400,3217.1400,3257.2300,3184.3000),(379,4,'2025-12-13 23:02:03','2025-12-14 12:02:03',6462.4500,6465.4600,6546.0400,6399.4600),(380,5,'2025-12-13 23:02:03','2025-12-14 12:02:03',30326.2500,30340.3600,30718.5000,30030.6600),(381,1,'2025-12-14 00:02:02','2025-12-14 13:02:02',4298.7000,4300.7000,4354.3000,4256.8000),(382,2,'2025-12-14 00:02:02','2025-12-14 13:02:02',3662.2800,3663.9800,3709.6500,3626.5800),(383,3,'2025-12-14 00:02:02','2025-12-14 13:02:02',3215.6400,3217.1400,3257.2300,3184.3000),(384,4,'2025-12-14 00:02:02','2025-12-14 13:02:02',6462.4500,6465.4600,6546.0400,6399.4600),(385,5,'2025-12-14 00:02:02','2025-12-14 13:02:02',30326.2500,30340.3600,30718.5000,30030.6600),(386,1,'2025-12-14 01:02:03','2025-12-14 14:02:03',4298.7000,4300.7000,4354.3000,4256.8000),(387,2,'2025-12-14 01:02:03','2025-12-14 14:02:03',3662.2800,3663.9800,3709.6500,3626.5800),(388,3,'2025-12-14 01:02:03','2025-12-14 14:02:03',3215.6400,3217.1400,3257.2300,3184.3000),(389,4,'2025-12-14 01:02:03','2025-12-14 14:02:03',6462.4500,6465.4600,6546.0400,6399.4600),(390,5,'2025-12-14 01:02:03','2025-12-14 14:02:03',30326.2500,30340.3600,30718.5000,30030.6600),(391,1,'2025-12-14 02:02:03','2025-12-14 15:02:03',4298.7000,4300.7000,4354.3000,4256.8000),(392,2,'2025-12-14 02:02:03','2025-12-14 15:02:03',3662.2800,3663.9800,3709.6500,3626.5800),(393,3,'2025-12-14 02:02:03','2025-12-14 15:02:03',3215.6400,3217.1400,3257.2300,3184.3000),(394,4,'2025-12-14 02:02:03','2025-12-14 15:02:03',6462.4500,6465.4600,6546.0400,6399.4600),(395,5,'2025-12-14 02:02:03','2025-12-14 15:02:03',30326.2500,30340.3600,30718.5000,30030.6600),(396,1,'2025-12-14 03:02:02','2025-12-14 16:02:02',4298.7000,4300.7000,4354.3000,4256.8000),(397,2,'2025-12-14 03:02:02','2025-12-14 16:02:02',3662.2800,3663.9800,3709.6500,3626.5800),(398,3,'2025-12-14 03:02:02','2025-12-14 16:02:02',3215.6400,3217.1400,3257.2300,3184.3000),(399,4,'2025-12-14 03:02:02','2025-12-14 16:02:02',6462.4500,6465.4600,6546.0400,6399.4600),(400,5,'2025-12-14 03:02:02','2025-12-14 16:02:02',30326.2500,30340.3600,30718.5000,30030.6600),(401,1,'2025-12-14 04:02:02','2025-12-14 17:02:02',4298.7000,4300.7000,4354.3000,4256.8000),(402,2,'2025-12-14 04:02:02','2025-12-14 17:02:02',3662.2800,3663.9800,3709.6500,3626.5800),(403,3,'2025-12-14 04:02:02','2025-12-14 17:02:02',3215.6400,3217.1400,3257.2300,3184.3000),(404,4,'2025-12-14 04:02:02','2025-12-14 17:02:02',6462.4500,6465.4600,6546.0400,6399.4600),(405,5,'2025-12-14 04:02:02','2025-12-14 17:02:02',30326.2500,30340.3600,30718.5000,30030.6600),(406,1,'2025-12-14 05:02:02','2025-12-14 18:02:02',4298.7000,4300.7000,4354.3000,4256.8000),(407,2,'2025-12-14 05:02:02','2025-12-14 18:02:02',3662.2800,3663.9800,3709.6500,3626.5800),(408,3,'2025-12-14 05:02:02','2025-12-14 18:02:02',3215.6400,3217.1400,3257.2300,3184.3000),(409,4,'2025-12-14 05:02:02','2025-12-14 18:02:02',6462.4500,6465.4600,6546.0400,6399.4600),(410,5,'2025-12-14 05:02:02','2025-12-14 18:02:02',30326.2500,30340.3600,30718.5000,30030.6600),(411,1,'2025-12-14 06:02:02','2025-12-14 19:02:02',4298.7000,4300.7000,4354.3000,4256.8000),(412,2,'2025-12-14 06:02:02','2025-12-14 19:02:02',3662.2800,3663.9800,3709.6500,3626.5800),(413,3,'2025-12-14 06:02:02','2025-12-14 19:02:02',3215.6400,3217.1400,3257.2300,3184.3000),(414,4,'2025-12-14 06:02:02','2025-12-14 19:02:02',6462.4500,6465.4600,6546.0400,6399.4600),(415,5,'2025-12-14 06:02:02','2025-12-14 19:02:02',30326.2500,30340.3600,30718.5000,30030.6600),(416,1,'2025-12-14 07:02:03','2025-12-14 20:02:03',4298.7000,4300.7000,4354.3000,4256.8000),(417,2,'2025-12-14 07:02:03','2025-12-14 20:02:03',3662.2800,3663.9800,3709.6500,3626.5800),(418,3,'2025-12-14 07:02:03','2025-12-14 20:02:03',3215.6400,3217.1400,3257.2300,3184.3000),(419,4,'2025-12-14 07:02:03','2025-12-14 20:02:03',6462.4500,6465.4600,6546.0400,6399.4600),(420,5,'2025-12-14 07:02:03','2025-12-14 20:02:03',30326.2500,30340.3600,30718.5000,30030.6600),(421,1,'2025-12-14 08:02:03','2025-12-14 21:02:03',4298.7000,4300.7000,4354.3000,4256.8000),(422,2,'2025-12-14 08:02:03','2025-12-14 21:02:03',3662.2800,3663.9800,3709.6500,3626.5800),(423,3,'2025-12-14 08:02:03','2025-12-14 21:02:03',3215.6400,3217.1400,3257.2300,3184.3000),(424,4,'2025-12-14 08:02:03','2025-12-14 21:02:03',6462.4500,6465.4600,6546.0400,6399.4600),(425,5,'2025-12-14 08:02:03','2025-12-14 21:02:03',30326.2500,30340.3600,30718.5000,30030.6600),(426,1,'2025-12-14 09:02:03','2025-12-14 22:02:03',4298.7000,4300.7000,4354.3000,4256.8000),(427,2,'2025-12-14 09:02:03','2025-12-14 22:02:03',3662.2800,3663.9800,3709.6500,3626.5800),(428,3,'2025-12-14 09:02:03','2025-12-14 22:02:03',3215.6400,3217.1400,3257.2300,3184.3000),(429,4,'2025-12-14 09:02:03','2025-12-14 22:02:03',6462.4500,6465.4600,6546.0400,6399.4600),(430,5,'2025-12-14 09:02:03','2025-12-14 22:02:03',30326.2500,30340.3600,30718.5000,30030.6600),(431,1,'2025-12-14 10:02:02','2025-12-14 23:02:02',4298.7000,4300.7000,4354.3000,4256.8000),(432,2,'2025-12-14 10:02:02','2025-12-14 23:02:02',3662.2800,3663.9800,3709.6500,3626.5800),(433,3,'2025-12-14 10:02:02','2025-12-14 23:02:02',3215.6400,3217.1400,3257.2300,3184.3000),(434,4,'2025-12-14 10:02:02','2025-12-14 23:02:02',6462.4500,6465.4600,6546.0400,6399.4600),(435,5,'2025-12-14 10:02:02','2025-12-14 23:02:02',30326.2500,30340.3600,30718.5000,30030.6600),(436,1,'2025-12-14 11:02:03','2025-12-15 00:02:03',4298.7000,4300.7000,4354.3000,4256.8000),(437,2,'2025-12-14 11:02:03','2025-12-15 00:02:03',3662.2800,3663.9800,3709.6500,3626.5800),(438,3,'2025-12-14 11:02:03','2025-12-15 00:02:03',3215.6400,3217.1400,3257.2300,3184.3000),(439,4,'2025-12-14 11:02:03','2025-12-15 00:02:03',6462.4500,6465.4600,6546.0400,6399.4600),(440,5,'2025-12-14 11:02:03','2025-12-15 00:02:03',30326.2500,30340.3600,30718.5000,30030.6600),(441,1,'2025-12-14 12:02:02','2025-12-15 01:02:02',4298.7000,4300.7000,4354.3000,4256.8000),(442,2,'2025-12-14 12:02:02','2025-12-15 01:02:02',3662.2800,3663.9800,3709.6500,3626.5800),(443,3,'2025-12-14 12:02:02','2025-12-15 01:02:02',3215.6400,3217.1400,3257.2300,3184.3000),(444,4,'2025-12-14 12:02:02','2025-12-15 01:02:02',6462.4500,6465.4600,6546.0400,6399.4600),(445,5,'2025-12-14 12:02:02','2025-12-15 01:02:02',30326.2500,30340.3600,30718.5000,30030.6600),(446,1,'2025-12-14 13:02:02','2025-12-15 02:02:02',4298.7000,4300.7000,4354.3000,4256.8000),(447,2,'2025-12-14 13:02:02','2025-12-15 02:02:02',3662.2800,3663.9800,3709.6500,3626.5800),(448,3,'2025-12-14 13:02:02','2025-12-15 02:02:02',3215.6400,3217.1400,3257.2300,3184.3000),(449,4,'2025-12-14 13:02:02','2025-12-15 02:02:02',6462.4500,6465.4600,6546.0400,6399.4600),(450,5,'2025-12-14 13:02:02','2025-12-15 02:02:02',30326.2500,30340.3600,30718.5000,30030.6600),(451,1,'2025-12-14 14:02:02','2025-12-15 03:02:02',4298.7000,4300.7000,4354.3000,4256.8000),(452,2,'2025-12-14 14:02:02','2025-12-15 03:02:02',3662.2800,3663.9800,3709.6500,3626.5800),(453,3,'2025-12-14 14:02:02','2025-12-15 03:02:02',3215.6400,3217.1400,3257.2300,3184.3000),(454,4,'2025-12-14 14:02:02','2025-12-15 03:02:02',6462.4500,6465.4600,6546.0400,6399.4600),(455,5,'2025-12-14 14:02:02','2025-12-15 03:02:02',30326.2500,30340.3600,30718.5000,30030.6600),(456,1,'2025-12-14 15:02:02','2025-12-15 04:02:02',4298.7000,4300.7000,4354.3000,4256.8000),(457,2,'2025-12-14 15:02:02','2025-12-15 04:02:02',3662.2800,3663.9800,3709.6500,3626.5800),(458,3,'2025-12-14 15:02:02','2025-12-15 04:02:02',3215.6400,3217.1400,3257.2300,3184.3000),(459,4,'2025-12-14 15:02:02','2025-12-15 04:02:02',6462.4500,6465.4600,6546.0400,6399.4600),(460,5,'2025-12-14 15:02:02','2025-12-15 04:02:02',30326.2500,30340.3600,30718.5000,30030.6600),(461,1,'2025-12-14 16:02:02','2025-12-15 05:02:02',4298.7000,4300.7000,4354.3000,4256.8000),(462,2,'2025-12-14 16:02:02','2025-12-15 05:02:02',3662.2800,3663.9800,3709.6500,3626.5800),(463,3,'2025-12-14 16:02:02','2025-12-15 05:02:02',3215.6400,3217.1400,3257.2300,3184.3000),(464,4,'2025-12-14 16:02:02','2025-12-15 05:02:02',6462.4500,6465.4600,6546.0400,6399.4600),(465,5,'2025-12-14 16:02:02','2025-12-15 05:02:02',30326.2500,30340.3600,30718.5000,30030.6600),(466,1,'2025-12-14 17:02:02','2025-12-15 06:02:02',4298.7000,4300.7000,4354.3000,4256.8000),(467,2,'2025-12-14 17:02:02','2025-12-15 06:02:02',3662.2800,3663.9800,3709.6500,3626.5800),(468,3,'2025-12-14 17:02:02','2025-12-15 06:02:02',3215.6400,3217.1400,3257.2300,3184.3000),(469,4,'2025-12-14 17:02:02','2025-12-15 06:02:02',6462.4500,6465.4600,6546.0400,6399.4600),(470,5,'2025-12-14 17:02:02','2025-12-15 06:02:02',30326.2500,30340.3600,30718.5000,30030.6600),(471,1,'2025-12-14 18:02:02','2025-12-15 07:02:02',4298.7000,4300.7000,4354.3000,4256.8000),(472,2,'2025-12-14 18:02:02','2025-12-15 07:02:02',3662.7100,3664.4100,3710.0800,3627.0100),(473,3,'2025-12-14 18:02:02','2025-12-15 07:02:02',3215.6400,3217.1400,3257.2300,3184.3000),(474,4,'2025-12-14 18:02:02','2025-12-15 07:02:02',6468.4700,6471.4800,6552.1300,6405.4200),(475,5,'2025-12-14 18:02:02','2025-12-15 07:02:02',30326.2500,30340.3600,30718.5000,30030.6600),(476,1,'2025-12-14 19:02:02','2025-12-15 08:02:02',4301.5000,4303.5000,4308.9000,4294.0000),(477,2,'2025-12-14 19:02:02','2025-12-15 08:02:02',3665.9500,3667.6600,3672.2600,3659.5600),(478,3,'2025-12-14 19:02:02','2025-12-15 08:02:02',3219.0300,3220.5200,3224.5700,3213.4100),(479,4,'2025-12-14 19:02:02','2025-12-15 08:02:02',6471.3900,6474.4000,6482.5200,6460.1100),(480,5,'2025-12-14 19:02:02','2025-12-15 08:02:02',30346.0100,30360.1200,30398.2100,30293.1000),(481,1,'2025-12-14 20:02:03','2025-12-15 09:02:03',4306.6000,4308.6000,4308.9000,4294.0000),(482,2,'2025-12-14 20:02:03','2025-12-15 09:02:03',3671.1600,3672.8700,3673.1200,3660.4200),(483,3,'2025-12-14 20:02:03','2025-12-15 09:02:03',3223.7100,3225.2000,3225.4300,3214.2700),(484,4,'2025-12-14 20:02:03','2025-12-15 09:02:03',6479.5000,6482.5000,6482.9600,6460.5400),(485,5,'2025-12-14 20:02:03','2025-12-15 09:02:03',30380.9100,30395.0200,30397.1400,30292.0200),(486,1,'2025-12-14 21:02:03','2025-12-15 10:02:03',4322.7000,4324.7000,4326.3000,4294.0000),(487,2,'2025-12-14 21:02:03','2025-12-15 10:02:03',3682.7200,3684.4300,3685.7900,3658.2700),(488,3,'2025-12-14 21:02:03','2025-12-15 10:02:03',3233.1600,3234.6600,3235.8600,3211.7000),(489,4,'2025-12-14 21:02:03','2025-12-15 10:02:03',6499.4000,6502.4000,6504.8100,6456.2400),(490,5,'2025-12-14 21:02:03','2025-12-15 10:02:03',30490.1600,30504.2700,30515.5600,30287.7300),(491,1,'2025-12-14 22:02:02','2025-12-15 11:02:02',4324.3000,4326.3000,4330.1000,4294.0000),(492,2,'2025-12-14 22:02:02','2025-12-15 11:02:02',3683.6500,3685.3600,3688.6000,3657.8400),(493,3,'2025-12-14 22:02:02','2025-12-15 11:02:02',3235.6600,3237.1500,3240.0000,3212.9900),(494,4,'2025-12-14 22:02:02','2025-12-15 11:02:02',6505.2600,6508.2700,6513.9900,6459.6800),(495,5,'2025-12-14 22:02:02','2025-12-15 11:02:02',30494.5300,30508.6300,30535.4300,30280.8600),(496,1,'2025-12-14 23:02:03','2025-12-15 12:02:03',4325.5000,4327.5000,4330.6000,4294.0000),(497,2,'2025-12-14 23:02:03','2025-12-15 12:02:03',3686.8400,3688.5400,3691.1900,3659.9900),(498,3,'2025-12-14 23:02:03','2025-12-15 12:02:03',3239.5800,3241.0800,3243.4000,3215.9900),(499,4,'2025-12-14 23:02:03','2025-12-15 12:02:03',6510.9600,6513.9700,6518.6400,6463.5400),(500,5,'2025-12-14 23:02:03','2025-12-15 12:02:03',30496.5100,30510.6100,30532.4600,30274.4200),(501,1,'2025-12-15 00:02:04','2025-12-15 13:02:04',4325.2000,4327.2000,4330.8000,4294.0000),(502,2,'2025-12-15 00:02:04','2025-12-15 13:02:04',3687.4500,3689.1500,3692.2200,3660.8500),(503,3,'2025-12-15 00:02:04','2025-12-15 13:02:04',3238.9300,3240.4200,3243.1200,3215.5600),(504,4,'2025-12-15 00:02:04','2025-12-15 13:02:04',6509.6400,6512.6500,6518.0700,6462.6800),(505,5,'2025-12-15 00:02:04','2025-12-15 13:02:04',30493.0900,30507.1900,30532.5700,30273.1300),(506,1,'2025-12-15 01:02:02','2025-12-15 14:02:02',4342.5000,4344.5000,4344.7000,4294.0000),(507,2,'2025-12-15 01:02:02','2025-12-15 14:02:02',3701.7600,3703.4700,3703.6400,3660.4200),(508,3,'2025-12-15 01:02:02','2025-12-15 14:02:02',3250.1400,3251.6400,3251.7900,3213.8400),(509,4,'2025-12-15 01:02:02','2025-12-15 14:02:02',6535.6800,6538.6900,6538.9900,6462.6800),(510,5,'2025-12-15 01:02:02','2025-12-15 14:02:02',30616.3600,30630.4600,30631.8700,30274.4200),(511,1,'2025-12-15 02:02:03','2025-12-15 15:02:03',4343.3000,4345.3000,4348.4000,4294.0000),(512,2,'2025-12-15 02:02:03','2025-12-15 15:02:03',3701.5800,3703.2800,3705.9200,3659.5600),(513,3,'2025-12-15 02:02:03','2025-12-15 15:02:03',3249.8700,3251.3700,3253.6900,3212.9900),(514,4,'2025-12-15 02:02:03','2025-12-15 15:02:03',6532.7600,6535.7700,6540.4300,6458.6100),(515,5,'2025-12-15 02:02:03','2025-12-15 15:02:03',30613.7500,30627.8500,30649.7000,30266.2600);
/*!40000 ALTER TABLE `gold_prices` ENABLE KEYS */;
UNLOCK TABLES;

--
-- Table structure for table `logs`
--

DROP TABLE IF EXISTS `logs`;
/*!40101 SET @saved_cs_client     = @@character_set_client */;
/*!50503 SET character_set_client = utf8mb4 */;
CREATE TABLE `logs` (
  `log_id` int NOT NULL AUTO_INCREMENT,
  `currency_id` int DEFAULT NULL,
  `gold_price_id` int DEFAULT NULL,
  `message` varchar(255) DEFAULT NULL,
  `timestamp` datetime NOT NULL DEFAULT CURRENT_TIMESTAMP,
  PRIMARY KEY (`log_id`),
  KEY `currency_id` (`currency_id`),
  KEY `gold_price_id` (`gold_price_id`),
  CONSTRAINT `logs_ibfk_1` FOREIGN KEY (`currency_id`) REFERENCES `currencies` (`currencies_id`) ON DELETE SET NULL ON UPDATE CASCADE,
  CONSTRAINT `logs_ibfk_2` FOREIGN KEY (`gold_price_id`) REFERENCES `gold_prices` (`gold_prices_id`) ON DELETE SET NULL ON UPDATE CASCADE
) ENGINE=InnoDB AUTO_INCREMENT=516 DEFAULT CHARSET=utf8mb4 COLLATE=utf8mb4_0900_ai_ci;
/*!40101 SET character_set_client = @saved_cs_client */;

--
-- Dumping data for table `logs`
--

LOCK TABLES `logs` WRITE;
/*!40000 ALTER TABLE `logs` DISABLE KEYS */;
INSERT INTO `logs` VALUES (1,1,1,'Inserted by tracker','2025-12-11 00:02:02'),(2,2,2,'Inserted by tracker','2025-12-11 00:02:03'),(3,3,3,'Inserted by tracker','2025-12-11 00:02:04'),(4,4,4,'Inserted by tracker','2025-12-11 00:02:05'),(5,5,5,'Inserted by tracker','2025-12-11 00:02:06'),(6,1,6,'Inserted by tracker','2025-12-11 02:02:04'),(7,2,7,'Inserted by tracker','2025-12-11 02:02:05'),(8,3,8,'Inserted by tracker','2025-12-11 02:02:06'),(9,4,9,'Inserted by tracker','2025-12-11 02:02:07'),(10,5,10,'Inserted by tracker','2025-12-11 02:02:09'),(11,1,11,'Inserted by tracker','2025-12-11 10:02:03'),(12,2,12,'Inserted by tracker','2025-12-11 10:02:04'),(13,3,13,'Inserted by tracker','2025-12-11 10:02:05'),(14,4,14,'Inserted by tracker','2025-12-11 10:02:06'),(15,5,15,'Inserted by tracker','2025-12-11 10:02:07'),(16,1,16,'Inserted by tracker','2025-12-11 11:02:03'),(17,2,17,'Inserted by tracker','2025-12-11 11:02:04'),(18,3,18,'Inserted by tracker','2025-12-11 11:02:05'),(19,4,19,'Inserted by tracker','2025-12-11 11:02:07'),(20,5,20,'Inserted by tracker','2025-12-11 11:02:08'),(21,1,21,'Inserted by tracker','2025-12-11 12:02:03'),(22,2,22,'Inserted by tracker','2025-12-11 12:02:04'),(23,3,23,'Inserted by tracker','2025-12-11 12:02:06'),(24,4,24,'Inserted by tracker','2025-12-11 12:02:07'),(25,5,25,'Inserted by tracker','2025-12-11 12:02:08'),(26,1,26,'Inserted by tracker','2025-12-11 13:02:03'),(27,2,27,'Inserted by tracker','2025-12-11 13:02:04'),(28,3,28,'Inserted by tracker','2025-12-11 13:02:05'),(29,4,29,'Inserted by tracker','2025-12-11 13:02:06'),(30,5,30,'Inserted by tracker','2025-12-11 13:02:08'),(31,1,31,'Inserted by tracker','2025-12-11 14:02:03'),(32,2,32,'Inserted by tracker','2025-12-11 14:02:04'),(33,3,33,'Inserted by tracker','2025-12-11 14:02:06'),(34,4,34,'Inserted by tracker','2025-12-11 14:02:07'),(35,5,35,'Inserted by tracker','2025-12-11 14:02:08'),(36,1,36,'Inserted by tracker','2025-12-11 15:02:03'),(37,2,37,'Inserted by tracker','2025-12-11 15:02:04'),(38,3,38,'Inserted by tracker','2025-12-11 15:02:05'),(39,4,39,'Inserted by tracker','2025-12-11 15:02:06'),(40,5,40,'Inserted by tracker','2025-12-11 15:02:08'),(41,1,41,'Inserted by tracker','2025-12-11 16:02:02'),(42,2,42,'Inserted by tracker','2025-12-11 16:02:03'),(43,3,43,'Inserted by tracker','2025-12-11 16:02:05'),(44,4,44,'Inserted by tracker','2025-12-11 16:02:06'),(45,5,45,'Inserted by tracker','2025-12-11 16:02:07'),(46,1,46,'Inserted by tracker','2025-12-11 18:02:05'),(47,2,47,'Inserted by tracker','2025-12-11 18:02:06'),(48,3,48,'Inserted by tracker','2025-12-11 18:02:07'),(49,4,49,'Inserted by tracker','2025-12-11 18:02:08'),(50,5,50,'Inserted by tracker','2025-12-11 18:02:09'),(51,1,51,'Inserted by tracker','2025-12-11 19:02:03'),(52,2,52,'Inserted by tracker','2025-12-11 19:02:05'),(53,3,53,'Inserted by tracker','2025-12-11 19:02:06'),(54,4,54,'Inserted by tracker','2025-12-11 19:02:07'),(55,5,55,'Inserted by tracker','2025-12-11 19:02:08'),(56,1,56,'Inserted by tracker','2025-12-11 20:02:04'),(57,2,57,'Inserted by tracker','2025-12-11 20:02:05'),(58,3,58,'Inserted by tracker','2025-12-11 20:02:06'),(59,4,59,'Inserted by tracker','2025-12-11 20:02:07'),(60,5,60,'Inserted by tracker','2025-12-11 20:02:09'),(61,1,61,'Inserted by tracker','2025-12-11 21:02:03'),(62,2,62,'Inserted by tracker','2025-12-11 21:02:05'),(63,3,63,'Inserted by tracker','2025-12-11 21:02:06'),(64,4,64,'Inserted by tracker','2025-12-11 21:02:07'),(65,5,65,'Inserted by tracker','2025-12-11 21:02:08'),(66,1,66,'Inserted by tracker','2025-12-11 22:02:04'),(67,2,67,'Inserted by tracker','2025-12-11 22:02:05'),(68,3,68,'Inserted by tracker','2025-12-11 22:02:06'),(69,4,69,'Inserted by tracker','2025-12-11 22:02:07'),(70,5,70,'Inserted by tracker','2025-12-11 22:02:08'),(71,1,71,'Inserted by tracker','2025-12-11 23:02:04'),(72,2,72,'Inserted by tracker','2025-12-11 23:02:05'),(73,3,73,'Inserted by tracker','2025-12-11 23:02:06'),(74,4,74,'Inserted by tracker','2025-12-11 23:02:07'),(75,5,75,'Inserted by tracker','2025-12-11 23:02:09'),(76,1,76,'Inserted by tracker','2025-12-12 00:02:04'),(77,2,77,'Inserted by tracker','2025-12-12 00:02:05'),(78,3,78,'Inserted by tracker','2025-12-12 00:02:06'),(79,4,79,'Inserted by tracker','2025-12-12 00:02:07'),(80,5,80,'Inserted by tracker','2025-12-12 00:02:08'),(81,1,81,'Inserted by tracker','2025-12-12 01:02:03'),(82,2,82,'Inserted by tracker','2025-12-12 01:02:04'),(83,3,83,'Inserted by tracker','2025-12-12 01:02:05'),(84,4,84,'Inserted by tracker','2025-12-12 01:02:07'),(85,5,85,'Inserted by tracker','2025-12-12 01:02:08'),(86,1,86,'Inserted by tracker','2025-12-12 02:02:03'),(87,2,87,'Inserted by tracker','2025-12-12 02:02:04'),(88,3,88,'Inserted by tracker','2025-12-12 02:02:05'),(89,4,89,'Inserted by tracker','2025-12-12 02:02:07'),(90,5,90,'Inserted by tracker','2025-12-12 02:02:08'),(91,1,91,'Inserted by tracker','2025-12-12 03:02:03'),(92,2,92,'Inserted by tracker','2025-12-12 03:02:05'),(93,3,93,'Inserted by tracker','2025-12-12 03:02:06'),(94,4,94,'Inserted by tracker','2025-12-12 03:02:07'),(95,5,95,'Inserted by tracker','2025-12-12 03:02:09'),(96,1,96,'Inserted by tracker','2025-12-12 04:02:03'),(97,2,97,'Inserted by tracker','2025-12-12 04:02:04'),(98,3,98,'Inserted by tracker','2025-12-12 04:02:05'),(99,4,99,'Inserted by tracker','2025-12-12 04:02:06'),(100,5,100,'Inserted by tracker','2025-12-12 04:02:08'),(101,1,101,'Inserted by tracker','2025-12-12 05:02:03'),(102,2,102,'Inserted by tracker','2025-12-12 05:02:04'),(103,3,103,'Inserted by tracker','2025-12-12 05:02:06'),(104,4,104,'Inserted by tracker','2025-12-12 05:02:07'),(105,5,105,'Inserted by tracker','2025-12-12 05:02:08'),(106,1,106,'Inserted by tracker','2025-12-12 06:02:02'),(107,2,107,'Inserted by tracker','2025-12-12 06:02:03'),(108,3,108,'Inserted by tracker','2025-12-12 06:02:04'),(109,4,109,'Inserted by tracker','2025-12-12 06:02:05'),(110,5,110,'Inserted by tracker','2025-12-12 06:02:06'),(111,1,111,'Inserted by tracker','2025-12-12 07:02:02'),(112,2,112,'Inserted by tracker','2025-12-12 07:02:03'),(113,3,113,'Inserted by tracker','2025-12-12 07:02:04'),(114,4,114,'Inserted by tracker','2025-12-12 07:02:05'),(115,5,115,'Inserted by tracker','2025-12-12 07:02:06'),(116,1,116,'Inserted by tracker','2025-12-12 08:02:02'),(117,2,117,'Inserted by tracker','2025-12-12 08:02:03'),(118,3,118,'Inserted by tracker','2025-12-12 08:02:04'),(119,4,119,'Inserted by tracker','2025-12-12 08:02:05'),(120,5,120,'Inserted by tracker','2025-12-12 08:02:07'),(121,1,121,'Inserted by tracker','2025-12-12 09:02:02'),(122,2,122,'Inserted by tracker','2025-12-12 09:02:03'),(123,3,123,'Inserted by tracker','2025-12-12 09:02:04'),(124,4,124,'Inserted by tracker','2025-12-12 09:02:05'),(125,5,125,'Inserted by tracker','2025-12-12 09:02:06'),(126,1,126,'Inserted by tracker','2025-12-12 10:02:02'),(127,2,127,'Inserted by tracker','2025-12-12 10:02:03'),(128,3,128,'Inserted by tracker','2025-12-12 10:02:04'),(129,4,129,'Inserted by tracker','2025-12-12 10:02:05'),(130,5,130,'Inserted by tracker','2025-12-12 10:02:06'),(131,1,131,'Inserted by tracker','2025-12-12 11:02:02'),(132,2,132,'Inserted by tracker','2025-12-12 11:02:03'),(133,3,133,'Inserted by tracker','2025-12-12 11:02:04'),(134,4,134,'Inserted by tracker','2025-12-12 11:02:05'),(135,5,135,'Inserted by tracker','2025-12-12 11:02:07'),(136,1,136,'Inserted by tracker','2025-12-12 12:02:03'),(137,2,137,'Inserted by tracker','2025-12-12 12:02:05'),(138,3,138,'Inserted by tracker','2025-12-12 12:02:06'),(139,4,139,'Inserted by tracker','2025-12-12 12:02:07'),(140,5,140,'Inserted by tracker','2025-12-12 12:02:08'),(141,1,141,'Inserted by tracker','2025-12-12 13:02:04'),(142,2,142,'Inserted by tracker','2025-12-12 13:02:05'),(143,3,143,'Inserted by tracker','2025-12-12 13:02:06'),(144,4,144,'Inserted by tracker','2025-12-12 13:02:07'),(145,5,145,'Inserted by tracker','2025-12-12 13:02:08'),(146,1,146,'Inserted by tracker','2025-12-12 14:02:03'),(147,2,147,'Inserted by tracker','2025-12-12 14:02:04'),(148,3,148,'Inserted by tracker','2025-12-12 14:02:05'),(149,4,149,'Inserted by tracker','2025-12-12 14:02:06'),(150,5,150,'Inserted by tracker','2025-12-12 14:02:07'),(151,1,151,'Inserted by tracker','2025-12-12 15:02:03'),(152,2,152,'Inserted by tracker','2025-12-12 15:02:04'),(153,3,153,'Inserted by tracker','2025-12-12 15:02:05'),(154,4,154,'Inserted by tracker','2025-12-12 15:02:06'),(155,5,155,'Inserted by tracker','2025-12-12 15:02:08'),(156,1,156,'Inserted by tracker','2025-12-12 16:02:03'),(157,2,157,'Inserted by tracker','2025-12-12 16:02:04'),(158,3,158,'Inserted by tracker','2025-12-12 16:02:05'),(159,4,159,'Inserted by tracker','2025-12-12 16:02:06'),(160,5,160,'Inserted by tracker','2025-12-12 16:02:08'),(161,1,161,'Inserted by tracker','2025-12-12 17:02:02'),(162,2,162,'Inserted by tracker','2025-12-12 17:02:04'),(163,3,163,'Inserted by tracker','2025-12-12 17:02:05'),(164,4,164,'Inserted by tracker','2025-12-12 17:02:06'),(165,5,165,'Inserted by tracker','2025-12-12 17:02:07'),(166,1,166,'Inserted by tracker','2025-12-12 18:02:02'),(167,2,167,'Inserted by tracker','2025-12-12 18:02:03'),(168,3,168,'Inserted by tracker','2025-12-12 18:02:04'),(169,4,169,'Inserted by tracker','2025-12-12 18:02:06'),(170,5,170,'Inserted by tracker','2025-12-12 18:02:07'),(171,1,171,'Inserted by tracker','2025-12-12 19:02:02'),(172,2,172,'Inserted by tracker','2025-12-12 19:02:03'),(173,3,173,'Inserted by tracker','2025-12-12 19:02:05'),(174,4,174,'Inserted by tracker','2025-12-12 19:02:06'),(175,5,175,'Inserted by tracker','2025-12-12 19:02:07'),(176,1,176,'Inserted by tracker','2025-12-12 20:02:03'),(177,2,177,'Inserted by tracker','2025-12-12 20:02:04'),(178,3,178,'Inserted by tracker','2025-12-12 20:02:05'),(179,4,179,'Inserted by tracker','2025-12-12 20:02:06'),(180,5,180,'Inserted by tracker','2025-12-12 20:02:07'),(181,1,181,'Inserted by tracker','2025-12-12 21:02:03'),(182,2,182,'Inserted by tracker','2025-12-12 21:02:04'),(183,3,183,'Inserted by tracker','2025-12-12 21:02:05'),(184,4,184,'Inserted by tracker','2025-12-12 21:02:06'),(185,5,185,'Inserted by tracker','2025-12-12 21:02:08'),(186,1,186,'Inserted by tracker','2025-12-12 22:02:03'),(187,2,187,'Inserted by tracker','2025-12-12 22:02:04'),(188,3,188,'Inserted by tracker','2025-12-12 22:02:05'),(189,4,189,'Inserted by tracker','2025-12-12 22:02:06'),(190,5,190,'Inserted by tracker','2025-12-12 22:02:07'),(191,1,191,'Inserted by tracker','2025-12-12 23:02:03'),(192,2,192,'Inserted by tracker','2025-12-12 23:02:04'),(193,3,193,'Inserted by tracker','2025-12-12 23:02:05'),(194,4,194,'Inserted by tracker','2025-12-12 23:02:06'),(195,5,195,'Inserted by tracker','2025-12-12 23:02:07'),(196,1,196,'Inserted by tracker','2025-12-13 00:02:03'),(197,2,197,'Inserted by tracker','2025-12-13 00:02:04'),(198,3,198,'Inserted by tracker','2025-12-13 00:02:05'),(199,4,199,'Inserted by tracker','2025-12-13 00:02:06'),(200,5,200,'Inserted by tracker','2025-12-13 00:02:07'),(201,1,201,'Inserted by tracker','2025-12-13 01:02:02'),(202,2,202,'Inserted by tracker','2025-12-13 01:02:03'),(203,3,203,'Inserted by tracker','2025-12-13 01:02:04'),(204,4,204,'Inserted by tracker','2025-12-13 01:02:06'),(205,5,205,'Inserted by tracker','2025-12-13 01:02:07'),(206,1,206,'Inserted by tracker','2025-12-13 02:02:03'),(207,2,207,'Inserted by tracker','2025-12-13 02:02:04'),(208,3,208,'Inserted by tracker','2025-12-13 02:02:05'),(209,4,209,'Inserted by tracker','2025-12-13 02:02:06'),(210,5,210,'Inserted by tracker','2025-12-13 02:02:07'),(211,1,211,'Inserted by tracker','2025-12-13 03:02:02'),(212,2,212,'Inserted by tracker','2025-12-13 03:02:04'),(213,3,213,'Inserted by tracker','2025-12-13 03:02:05'),(214,4,214,'Inserted by tracker','2025-12-13 03:02:06'),(215,5,215,'Inserted by tracker','2025-12-13 03:02:07'),(216,1,216,'Inserted by tracker','2025-12-13 04:02:03'),(217,2,217,'Inserted by tracker','2025-12-13 04:02:04'),(218,3,218,'Inserted by tracker','2025-12-13 04:02:05'),(219,4,219,'Inserted by tracker','2025-12-13 04:02:06'),(220,5,220,'Inserted by tracker','2025-12-13 04:02:07'),(221,1,221,'Inserted by tracker','2025-12-13 05:02:03'),(222,2,222,'Inserted by tracker','2025-12-13 05:02:04'),(223,3,223,'Inserted by tracker','2025-12-13 05:02:05'),(224,4,224,'Inserted by tracker','2025-12-13 05:02:06'),(225,5,225,'Inserted by tracker','2025-12-13 05:02:08'),(226,1,226,'Inserted by tracker','2025-12-13 06:02:02'),(227,2,227,'Inserted by tracker','2025-12-13 06:02:03'),(228,3,228,'Inserted by tracker','2025-12-13 06:02:04'),(229,4,229,'Inserted by tracker','2025-12-13 06:02:06'),(230,5,230,'Inserted by tracker','2025-12-13 06:02:07'),(231,1,231,'Inserted by tracker','2025-12-13 07:02:02'),(232,2,232,'Inserted by tracker','2025-12-13 07:02:03'),(233,3,233,'Inserted by tracker','2025-12-13 07:02:04'),(234,4,234,'Inserted by tracker','2025-12-13 07:02:06'),(235,5,235,'Inserted by tracker','2025-12-13 07:02:07'),(236,1,236,'Inserted by tracker','2025-12-13 08:02:02'),(237,2,237,'Inserted by tracker','2025-12-13 08:02:03'),(238,3,238,'Inserted by tracker','2025-12-13 08:02:05'),(239,4,239,'Inserted by tracker','2025-12-13 08:02:06'),(240,5,240,'Inserted by tracker','2025-12-13 08:02:07'),(241,1,241,'Inserted by tracker','2025-12-13 09:02:02'),(242,2,242,'Inserted by tracker','2025-12-13 09:02:04'),(243,3,243,'Inserted by tracker','2025-12-13 09:02:05'),(244,4,244,'Inserted by tracker','2025-12-13 09:02:06'),(245,5,245,'Inserted by tracker','2025-12-13 09:02:07'),(246,1,246,'Inserted by tracker','2025-12-13 10:02:02'),(247,2,247,'Inserted by tracker','2025-12-13 10:02:03'),(248,3,248,'Inserted by tracker','2025-12-13 10:02:05'),(249,4,249,'Inserted by tracker','2025-12-13 10:02:06'),(250,5,250,'Inserted by tracker','2025-12-13 10:02:07'),(251,1,251,'Inserted by tracker','2025-12-13 11:02:02'),(252,2,252,'Inserted by tracker','2025-12-13 11:02:03'),(253,3,253,'Inserted by tracker','2025-12-13 11:02:04'),(254,4,254,'Inserted by tracker','2025-12-13 11:02:05'),(255,5,255,'Inserted by tracker','2025-12-13 11:02:07'),(256,1,256,'Inserted by tracker','2025-12-13 12:02:02'),(257,2,257,'Inserted by tracker','2025-12-13 12:02:04'),(258,3,258,'Inserted by tracker','2025-12-13 12:02:05'),(259,4,259,'Inserted by tracker','2025-12-13 12:02:06'),(260,5,260,'Inserted by tracker','2025-12-13 12:02:07'),(261,1,261,'Inserted by tracker','2025-12-13 13:02:02'),(262,2,262,'Inserted by tracker','2025-12-13 13:02:03'),(263,3,263,'Inserted by tracker','2025-12-13 13:02:04'),(264,4,264,'Inserted by tracker','2025-12-13 13:02:05'),(265,5,265,'Inserted by tracker','2025-12-13 13:02:06'),(266,1,266,'Inserted by tracker','2025-12-13 14:02:02'),(267,2,267,'Inserted by tracker','2025-12-13 14:02:03'),(268,3,268,'Inserted by tracker','2025-12-13 14:02:05'),(269,4,269,'Inserted by tracker','2025-12-13 14:02:06'),(270,5,270,'Inserted by tracker','2025-12-13 14:02:07'),(271,1,271,'Inserted by tracker','2025-12-13 15:02:02'),(272,2,272,'Inserted by tracker','2025-12-13 15:02:03'),(273,3,273,'Inserted by tracker','2025-12-13 15:02:04'),(274,4,274,'Inserted by tracker','2025-12-13 15:02:05'),(275,5,275,'Inserted by tracker','2025-12-13 15:02:07'),(276,1,276,'Inserted by tracker','2025-12-13 16:02:02'),(277,2,277,'Inserted by tracker','2025-12-13 16:02:03'),(278,3,278,'Inserted by tracker','2025-12-13 16:02:04'),(279,4,279,'Inserted by tracker','2025-12-13 16:02:06'),(280,5,280,'Inserted by tracker','2025-12-13 16:02:07'),(281,1,281,'Inserted by tracker','2025-12-13 17:02:02'),(282,2,282,'Inserted by tracker','2025-12-13 17:02:03'),(283,3,283,'Inserted by tracker','2025-12-13 17:02:05'),(284,4,284,'Inserted by tracker','2025-12-13 17:02:06'),(285,5,285,'Inserted by tracker','2025-12-13 17:02:07'),(286,1,286,'Inserted by tracker','2025-12-13 18:02:03'),(287,2,287,'Inserted by tracker','2025-12-13 18:02:04'),(288,3,288,'Inserted by tracker','2025-12-13 18:02:05'),(289,4,289,'Inserted by tracker','2025-12-13 18:02:06'),(290,5,290,'Inserted by tracker','2025-12-13 18:02:07'),(291,1,291,'Inserted by tracker','2025-12-13 19:02:02'),(292,2,292,'Inserted by tracker','2025-12-13 19:02:03'),(293,3,293,'Inserted by tracker','2025-12-13 19:02:04'),(294,4,294,'Inserted by tracker','2025-12-13 19:02:06'),(295,5,295,'Inserted by tracker','2025-12-13 19:02:07'),(296,1,296,'Inserted by tracker','2025-12-13 20:02:03'),(297,2,297,'Inserted by tracker','2025-12-13 20:02:04'),(298,3,298,'Inserted by tracker','2025-12-13 20:02:05'),(299,4,299,'Inserted by tracker','2025-12-13 20:02:07'),(300,5,300,'Inserted by tracker','2025-12-13 20:02:08'),(301,1,301,'Inserted by tracker','2025-12-13 21:02:02'),(302,2,302,'Inserted by tracker','2025-12-13 21:02:03'),(303,3,303,'Inserted by tracker','2025-12-13 21:02:05'),(304,4,304,'Inserted by tracker','2025-12-13 21:02:06'),(305,5,305,'Inserted by tracker','2025-12-13 21:02:07'),(306,1,306,'Inserted by tracker','2025-12-13 22:02:03'),(307,2,307,'Inserted by tracker','2025-12-13 22:02:04'),(308,3,308,'Inserted by tracker','2025-12-13 22:02:05'),(309,4,309,'Inserted by tracker','2025-12-13 22:02:06'),(310,5,310,'Inserted by tracker','2025-12-13 22:02:07'),(311,1,311,'Inserted by tracker','2025-12-13 23:02:02'),(312,2,312,'Inserted by tracker','2025-12-13 23:02:03'),(313,3,313,'Inserted by tracker','2025-12-13 23:02:04'),(314,4,314,'Inserted by tracker','2025-12-13 23:02:05'),(315,5,315,'Inserted by tracker','2025-12-13 23:02:06'),(316,1,316,'Inserted by tracker','2025-12-14 00:02:02'),(317,2,317,'Inserted by tracker','2025-12-14 00:02:03'),(318,3,318,'Inserted by tracker','2025-12-14 00:02:05'),(319,4,319,'Inserted by tracker','2025-12-14 00:02:06'),(320,5,320,'Inserted by tracker','2025-12-14 00:02:07'),(321,1,321,'Inserted by tracker','2025-12-14 01:02:03'),(322,2,322,'Inserted by tracker','2025-12-14 01:02:04'),(323,3,323,'Inserted by tracker','2025-12-14 01:02:05'),(324,4,324,'Inserted by tracker','2025-12-14 01:02:06'),(325,5,325,'Inserted by tracker','2025-12-14 01:02:07'),(326,1,326,'Inserted by tracker','2025-12-14 02:02:03'),(327,2,327,'Inserted by tracker','2025-12-14 02:02:04'),(328,3,328,'Inserted by tracker','2025-12-14 02:02:05'),(329,4,329,'Inserted by tracker','2025-12-14 02:02:06'),(330,5,330,'Inserted by tracker','2025-12-14 02:02:07'),(331,1,331,'Inserted by tracker','2025-12-14 03:02:03'),(332,2,332,'Inserted by tracker','2025-12-14 03:02:04'),(333,3,333,'Inserted by tracker','2025-12-14 03:02:05'),(334,4,334,'Inserted by tracker','2025-12-14 03:02:06'),(335,5,335,'Inserted by tracker','2025-12-14 03:02:07'),(336,1,336,'Inserted by tracker','2025-12-14 04:02:02'),(337,2,337,'Inserted by tracker','2025-12-14 04:02:03'),(338,3,338,'Inserted by tracker','2025-12-14 04:02:05'),(339,4,339,'Inserted by tracker','2025-12-14 04:02:06'),(340,5,340,'Inserted by tracker','2025-12-14 04:02:07'),(341,1,341,'Inserted by tracker','2025-12-14 05:02:03'),(342,2,342,'Inserted by tracker','2025-12-14 05:02:04'),(343,3,343,'Inserted by tracker','2025-12-14 05:02:05'),(344,4,344,'Inserted by tracker','2025-12-14 05:02:06'),(345,5,345,'Inserted by tracker','2025-12-14 05:02:07'),(346,1,346,'Inserted by tracker','2025-12-14 06:02:02'),(347,2,347,'Inserted by tracker','2025-12-14 06:02:04'),(348,3,348,'Inserted by tracker','2025-12-14 06:02:05'),(349,4,349,'Inserted by tracker','2025-12-14 06:02:06'),(350,5,350,'Inserted by tracker','2025-12-14 06:02:07'),(351,1,351,'Inserted by tracker','2025-12-14 07:02:02'),(352,2,352,'Inserted by tracker','2025-12-14 07:02:03'),(353,3,353,'Inserted by tracker','2025-12-14 07:02:04'),(354,4,354,'Inserted by tracker','2025-12-14 07:02:06'),(355,5,355,'Inserted by tracker','2025-12-14 07:02:07'),(356,1,356,'Inserted by tracker','2025-12-14 08:02:02'),(357,2,357,'Inserted by tracker','2025-12-14 08:02:03'),(358,3,358,'Inserted by tracker','2025-12-14 08:02:04'),(359,4,359,'Inserted by tracker','2025-12-14 08:02:06'),(360,5,360,'Inserted by tracker','2025-12-14 08:02:07'),(361,1,361,'Inserted by tracker','2025-12-14 09:02:02'),(362,2,362,'Inserted by tracker','2025-12-14 09:02:03'),(363,3,363,'Inserted by tracker','2025-12-14 09:02:04'),(364,4,364,'Inserted by tracker','2025-12-14 09:02:05'),(365,5,365,'Inserted by tracker','2025-12-14 09:02:07'),(366,1,366,'Inserted by tracker','2025-12-14 10:02:02'),(367,2,367,'Inserted by tracker','2025-12-14 10:02:03'),(368,3,368,'Inserted by tracker','2025-12-14 10:02:05'),(369,4,369,'Inserted by tracker','2025-12-14 10:02:06'),(370,5,370,'Inserted by tracker','2025-12-14 10:02:07'),(371,1,371,'Inserted by tracker','2025-12-14 11:02:02'),(372,2,372,'Inserted by tracker','2025-12-14 11:02:04'),(373,3,373,'Inserted by tracker','2025-12-14 11:02:05'),(374,4,374,'Inserted by tracker','2025-12-14 11:02:06'),(375,5,375,'Inserted by tracker','2025-12-14 11:02:07'),(376,1,376,'Inserted by tracker','2025-12-14 12:02:03'),(377,2,377,'Inserted by tracker','2025-12-14 12:02:04'),(378,3,378,'Inserted by tracker','2025-12-14 12:02:05'),(379,4,379,'Inserted by tracker','2025-12-14 12:02:06'),(380,5,380,'Inserted by tracker','2025-12-14 12:02:07'),(381,1,381,'Inserted by tracker','2025-12-14 13:02:02'),(382,2,382,'Inserted by tracker','2025-12-14 13:02:03'),(383,3,383,'Inserted by tracker','2025-12-14 13:02:04'),(384,4,384,'Inserted by tracker','2025-12-14 13:02:06'),(385,5,385,'Inserted by tracker','2025-12-14 13:02:07'),(386,1,386,'Inserted by tracker','2025-12-14 14:02:03'),(387,2,387,'Inserted by tracker','2025-12-14 14:02:04'),(388,3,388,'Inserted by tracker','2025-12-14 14:02:05'),(389,4,389,'Inserted by tracker','2025-12-14 14:02:06'),(390,5,390,'Inserted by tracker','2025-12-14 14:02:08'),(391,1,391,'Inserted by tracker','2025-12-14 15:02:03'),(392,2,392,'Inserted by tracker','2025-12-14 15:02:04'),(393,3,393,'Inserted by tracker','2025-12-14 15:02:05'),(394,4,394,'Inserted by tracker','2025-12-14 15:02:07'),(395,5,395,'Inserted by tracker','2025-12-14 15:02:08'),(396,1,396,'Inserted by tracker','2025-12-14 16:02:03'),(397,2,397,'Inserted by tracker','2025-12-14 16:02:04'),(398,3,398,'Inserted by tracker','2025-12-14 16:02:05'),(399,4,399,'Inserted by tracker','2025-12-14 16:02:06'),(400,5,400,'Inserted by tracker','2025-12-14 16:02:07'),(401,1,401,'Inserted by tracker','2025-12-14 17:02:02'),(402,2,402,'Inserted by tracker','2025-12-14 17:02:04'),(403,3,403,'Inserted by tracker','2025-12-14 17:02:05'),(404,4,404,'Inserted by tracker','2025-12-14 17:02:06'),(405,5,405,'Inserted by tracker','2025-12-14 17:02:07'),(406,1,406,'Inserted by tracker','2025-12-14 18:02:03'),(407,2,407,'Inserted by tracker','2025-12-14 18:02:04'),(408,3,408,'Inserted by tracker','2025-12-14 18:02:05'),(409,4,409,'Inserted by tracker','2025-12-14 18:02:06'),(410,5,410,'Inserted by tracker','2025-12-14 18:02:07'),(411,1,411,'Inserted by tracker','2025-12-14 19:02:02'),(412,2,412,'Inserted by tracker','2025-12-14 19:02:03'),(413,3,413,'Inserted by tracker','2025-12-14 19:02:04'),(414,4,414,'Inserted by tracker','2025-12-14 19:02:05'),(415,5,415,'Inserted by tracker','2025-12-14 19:02:06'),(416,1,416,'Inserted by tracker','2025-12-14 20:02:03'),(417,2,417,'Inserted by tracker','2025-12-14 20:02:05'),(418,3,418,'Inserted by tracker','2025-12-14 20:02:06'),(419,4,419,'Inserted by tracker','2025-12-14 20:02:07'),(420,5,420,'Inserted by tracker','2025-12-14 20:02:08'),(421,1,421,'Inserted by tracker','2025-12-14 21:02:03'),(422,2,422,'Inserted by tracker','2025-12-14 21:02:04'),(423,3,423,'Inserted by tracker','2025-12-14 21:02:05'),(424,4,424,'Inserted by tracker','2025-12-14 21:02:06'),(425,5,425,'Inserted by tracker','2025-12-14 21:02:07'),(426,1,426,'Inserted by tracker','2025-12-14 22:02:03'),(427,2,427,'Inserted by tracker','2025-12-14 22:02:04'),(428,3,428,'Inserted by tracker','2025-12-14 22:02:05'),(429,4,429,'Inserted by tracker','2025-12-14 22:02:06'),(430,5,430,'Inserted by tracker','2025-12-14 22:02:07'),(431,1,431,'Inserted by tracker','2025-12-14 23:02:03'),(432,2,432,'Inserted by tracker','2025-12-14 23:02:04'),(433,3,433,'Inserted by tracker','2025-12-14 23:02:05'),(434,4,434,'Inserted by tracker','2025-12-14 23:02:07'),(435,5,435,'Inserted by tracker','2025-12-14 23:02:08'),(436,1,436,'Inserted by tracker','2025-12-15 00:02:03'),(437,2,437,'Inserted by tracker','2025-12-15 00:02:04'),(438,3,438,'Inserted by tracker','2025-12-15 00:02:05'),(439,4,439,'Inserted by tracker','2025-12-15 00:02:06'),(440,5,440,'Inserted by tracker','2025-12-15 00:02:08'),(441,1,441,'Inserted by tracker','2025-12-15 01:02:02'),(442,2,442,'Inserted by tracker','2025-12-15 01:02:03'),(443,3,443,'Inserted by tracker','2025-12-15 01:02:05'),(444,4,444,'Inserted by tracker','2025-12-15 01:02:06'),(445,5,445,'Inserted by tracker','2025-12-15 01:02:07'),(446,1,446,'Inserted by tracker','2025-12-15 02:02:02'),(447,2,447,'Inserted by tracker','2025-12-15 02:02:04'),(448,3,448,'Inserted by tracker','2025-12-15 02:02:05'),(449,4,449,'Inserted by tracker','2025-12-15 02:02:06'),(450,5,450,'Inserted by tracker','2025-12-15 02:02:07'),(451,1,451,'Inserted by tracker','2025-12-15 03:02:03'),(452,2,452,'Inserted by tracker','2025-12-15 03:02:04'),(453,3,453,'Inserted by tracker','2025-12-15 03:02:05'),(454,4,454,'Inserted by tracker','2025-12-15 03:02:07'),(455,5,455,'Inserted by tracker','2025-12-15 03:02:08'),(456,1,456,'Inserted by tracker','2025-12-15 04:02:02'),(457,2,457,'Inserted by tracker','2025-12-15 04:02:03'),(458,3,458,'Inserted by tracker','2025-12-15 04:02:04'),(459,4,459,'Inserted by tracker','2025-12-15 04:02:06'),(460,5,460,'Inserted by tracker','2025-12-15 04:02:07'),(461,1,461,'Inserted by tracker','2025-12-15 05:02:02'),(462,2,462,'Inserted by tracker','2025-12-15 05:02:03'),(463,3,463,'Inserted by tracker','2025-12-15 05:02:04'),(464,4,464,'Inserted by tracker','2025-12-15 05:02:06'),(465,5,465,'Inserted by tracker','2025-12-15 05:02:07'),(466,1,466,'Inserted by tracker','2025-12-15 06:02:02'),(467,2,467,'Inserted by tracker','2025-12-15 06:02:03'),(468,3,468,'Inserted by tracker','2025-12-15 06:02:04'),(469,4,469,'Inserted by tracker','2025-12-15 06:02:05'),(470,5,470,'Inserted by tracker','2025-12-15 06:02:07'),(471,1,471,'Inserted by tracker','2025-12-15 07:02:02'),(472,2,472,'Inserted by tracker','2025-12-15 07:02:03'),(473,3,473,'Inserted by tracker','2025-12-15 07:02:04'),(474,4,474,'Inserted by tracker','2025-12-15 07:02:05'),(475,5,475,'Inserted by tracker','2025-12-15 07:02:07'),(476,1,476,'Inserted by tracker','2025-12-15 08:02:02'),(477,2,477,'Inserted by tracker','2025-12-15 08:02:03'),(478,3,478,'Inserted by tracker','2025-12-15 08:02:05'),(479,4,479,'Inserted by tracker','2025-12-15 08:02:06'),(480,5,480,'Inserted by tracker','2025-12-15 08:02:07'),(481,1,481,'Inserted by tracker','2025-12-15 09:02:03'),(482,2,482,'Inserted by tracker','2025-12-15 09:02:04'),(483,3,483,'Inserted by tracker','2025-12-15 09:02:05'),(484,4,484,'Inserted by tracker','2025-12-15 09:02:07'),(485,5,485,'Inserted by tracker','2025-12-15 09:02:08'),(486,1,486,'Inserted by tracker','2025-12-15 10:02:03'),(487,2,487,'Inserted by tracker','2025-12-15 10:02:04'),(488,3,488,'Inserted by tracker','2025-12-15 10:02:05'),(489,4,489,'Inserted by tracker','2025-12-15 10:02:07'),(490,5,490,'Inserted by tracker','2025-12-15 10:02:08'),(491,1,491,'Inserted by tracker','2025-12-15 11:02:02'),(492,2,492,'Inserted by tracker','2025-12-15 11:02:03'),(493,3,493,'Inserted by tracker','2025-12-15 11:02:04'),(494,4,494,'Inserted by tracker','2025-12-15 11:02:05'),(495,5,495,'Inserted by tracker','2025-12-15 11:02:06'),(496,1,496,'Inserted by tracker','2025-12-15 12:02:04'),(497,2,497,'Inserted by tracker','2025-12-15 12:02:05'),(498,3,498,'Inserted by tracker','2025-12-15 12:02:06'),(499,4,499,'Inserted by tracker','2025-12-15 12:02:07'),(500,5,500,'Inserted by tracker','2025-12-15 12:02:08'),(501,1,501,'Inserted by tracker','2025-12-15 13:02:05'),(502,2,502,'Inserted by tracker','2025-12-15 13:02:06'),(503,3,503,'Inserted by tracker','2025-12-15 13:02:07'),(504,4,504,'Inserted by tracker','2025-12-15 13:02:09'),(505,5,505,'Inserted by tracker','2025-12-15 13:02:10'),(506,1,506,'Inserted by tracker','2025-12-15 14:02:03'),(507,2,507,'Inserted by tracker','2025-12-15 14:02:04'),(508,3,508,'Inserted by tracker','2025-12-15 14:02:05'),(509,4,509,'Inserted by tracker','2025-12-15 14:02:06'),(510,5,510,'Inserted by tracker','2025-12-15 14:02:07'),(511,1,511,'Inserted by tracker','2025-12-15 15:02:03'),(512,2,512,'Inserted by tracker','2025-12-15 15:02:05'),(513,3,513,'Inserted by tracker','2025-12-15 15:02:06'),(514,4,514,'Inserted by tracker','2025-12-15 15:02:07'),(515,5,515,'Inserted by tracker','2025-12-15 15:02:08');
/*!40000 ALTER TABLE `logs` ENABLE KEYS */;
UNLOCK TABLES;

--
-- Table structure for table `unit_prices`
--

DROP TABLE IF EXISTS `unit_prices`;
/*!40101 SET @saved_cs_client     = @@character_set_client */;
/*!50503 SET character_set_client = utf8mb4 */;
CREATE TABLE `unit_prices` (
  `unit_prices_id` int NOT NULL AUTO_INCREMENT,
  `gold_price_id` int NOT NULL,
  `unit_ounce` decimal(20,4) DEFAULT NULL,
  `unit_gram` decimal(20,4) DEFAULT NULL,
  `unit_kilo` decimal(20,4) DEFAULT NULL,
  `unit_pennyweight` decimal(20,4) DEFAULT NULL,
  `unit_tola` decimal(20,4) DEFAULT NULL,
  `unit_tael` decimal(20,4) DEFAULT NULL,
  PRIMARY KEY (`unit_prices_id`),
  KEY `gold_price_id` (`gold_price_id`),
  CONSTRAINT `unit_prices_ibfk_1` FOREIGN KEY (`gold_price_id`) REFERENCES `gold_prices` (`gold_prices_id`)
) ENGINE=InnoDB AUTO_INCREMENT=516 DEFAULT CHARSET=utf8mb4 COLLATE=utf8mb4_0900_ai_ci;
/*!40101 SET character_set_client = @saved_cs_client */;

--
-- Dumping data for table `unit_prices`
--

LOCK TABLES `unit_prices` WRITE;
/*!40000 ALTER TABLE `unit_prices` DISABLE KEYS */;
INSERT INTO `unit_prices` VALUES (1,1,4193.0000,134.8100,134810.1500,209.6500,1572.3800,5095.6600),(2,2,3602.0000,115.8100,115808.6600,180.1000,1350.7500,4377.4300),(3,3,3148.3100,101.2200,101222.2000,157.4200,1180.6200,3826.0800),(4,4,6319.0600,203.1700,203165.6400,315.9500,2369.6600,7679.4100),(5,5,29620.4000,952.3300,952332.6000,1481.0200,11107.6900,35997.0200),(6,6,4198.9000,135.0000,134999.8400,209.9500,1574.5900,5102.8300),(7,7,3602.4500,115.8200,115823.1100,180.1300,1350.9200,4377.9700),(8,8,3147.0800,101.1800,101182.3800,157.3600,1180.1600,3824.5700),(9,9,6320.8100,203.2200,203222.0100,316.0500,2370.3100,7681.5500),(10,10,29662.2900,953.6800,953679.3700,1483.1500,11123.3800,36047.9200),(11,11,4237.7000,136.2500,136247.3100,211.8900,1589.1400,5149.9800),(12,12,3622.1700,116.4600,116457.3900,181.1100,1358.3200,4401.9500),(13,13,3167.6800,101.8500,101844.8600,158.3900,1187.8800,3849.6100),(14,14,6354.2200,204.3000,204296.0300,317.7200,2382.8400,7722.1400),(15,15,29924.0900,962.1200,962096.7500,1496.2400,11221.5500,36366.0700),(16,16,4222.3000,135.7500,135752.1800,211.1200,1583.3600,5131.2700),(17,17,3610.7000,116.0900,116088.4800,180.5400,1354.0100,4388.0100),(18,18,3158.0700,101.5300,101535.8400,157.9100,1184.2700,3837.9300),(19,19,6346.7500,204.0500,204055.8900,317.3500,2380.0300,7713.0700),(20,20,29815.3500,958.5900,958600.4400,1490.8000,11180.7400,36233.9500),(21,21,4214.4000,135.5000,135498.1800,210.7200,1580.4000,5121.6700),(22,22,3605.6300,115.9300,115925.4700,180.2800,1352.1100,4381.8400),(23,23,3153.4200,101.3900,101386.5100,157.6700,1182.5300,3832.2900),(24,24,6350.8900,204.1900,204188.9800,317.5400,2381.5800,7718.1000),(25,25,29762.7200,956.9200,956908.4700,1488.1400,11161.0200,36170.0000),(26,26,4212.5000,135.4300,135437.1000,210.6300,1579.6900,5119.3600),(27,27,3604.0000,115.8700,115873.2100,180.2000,1351.5000,4379.8700),(28,28,3151.5800,101.3200,101327.2700,157.5800,1181.8500,3830.0500),(29,29,6346.3400,204.0300,204042.7600,317.3200,2379.8800,7712.5700),(30,30,29749.3100,956.4300,956477.1200,1487.5000,11156.0100,36153.6900),(31,31,4205.9000,135.2200,135224.9000,210.3000,1577.2100,5111.3400),(32,32,3599.6200,115.7300,115732.2300,179.9900,1349.8600,4374.5400),(33,33,3147.9100,101.2100,101209.0800,157.4000,1180.4600,3825.5800),(34,34,6339.7600,203.8200,203831.2500,317.0000,2377.4100,7704.5800),(35,35,29701.0100,954.8900,954924.4400,1485.0900,11137.8600,36095.0100),(36,36,4212.3000,135.4300,135430.6700,210.6200,1579.6100,5119.1200),(37,37,3604.6800,115.8900,115894.8000,180.2400,1351.7500,4380.6900),(38,38,3151.4300,101.3200,101322.4600,157.5800,1181.7900,3829.8700),(39,39,6349.4100,204.1400,204141.4200,317.4800,2381.0300,7716.3100),(40,40,29743.4700,956.2800,956289.5000,1487.2100,11153.7800,36146.6200),(41,41,4215.0000,135.5200,135517.4700,210.7500,1580.6300,5122.4000),(42,42,3605.5100,115.9200,115921.6400,180.2800,1352.0700,4381.7000),(43,43,3153.4500,101.3900,101387.4000,157.6700,1182.5500,3832.3200),(44,44,6345.8900,204.0300,204028.3300,317.2900,2379.7200,7712.0300),(45,45,29756.2100,956.7200,956699.1300,1487.8100,11158.6200,36162.1000),(46,46,4218.4000,135.6200,135626.7900,210.9200,1581.9000,5126.5300),(47,47,3605.6800,115.9200,115927.0000,180.2800,1352.1300,4381.9000),(48,48,3155.5700,101.4500,101455.6200,157.7800,1183.3400,3834.9000),(49,49,6343.0000,203.9300,203935.2200,317.1500,2378.6200,7708.5100),(50,50,29773.6800,957.2100,957260.6700,1488.6800,11165.1300,36183.3100),(51,51,4215.9000,135.5400,135546.4100,210.8000,1580.9600,5123.4900),(52,52,3602.2800,115.8100,115817.6300,180.1200,1350.8500,4377.7700),(53,53,3152.4400,101.3500,101354.8300,157.6300,1182.1600,3831.0900),(54,54,6336.2900,203.7100,203719.4800,316.8200,2376.1000,7700.3500),(55,55,29756.0300,956.6500,956693.3400,1487.8400,11158.4900,36161.8500),(56,56,4210.5000,135.3700,135372.7900,210.5300,1578.9400,5116.9300),(57,57,3595.9800,115.6100,115615.1300,179.8000,1348.4900,4370.1100),(58,58,3146.3000,101.1600,101157.3200,157.3200,1179.8600,3823.6300),(59,59,6324.1700,203.3300,203329.9300,316.2200,2371.5700,7685.6300),(60,60,29717.9200,955.4500,955467.9200,1485.9300,11144.2400,36115.5500),(61,61,4220.1000,135.6800,135681.4500,211.0100,1582.5400,5128.5900),(62,62,3602.0700,115.8100,115810.9000,180.1100,1350.7800,4377.5100),(63,63,3152.2000,101.3500,101347.2600,157.6100,1182.0800,3830.8000),(64,64,6338.8000,203.8000,203800.3200,316.9500,2377.0500,7703.4000),(65,65,29785.6800,957.6400,957646.4600,1489.3200,11169.6500,36197.8400),(66,66,4220.3000,135.6900,135687.8800,211.0200,1582.6100,5128.8400),(67,67,3598.4400,115.7000,115694.2700,179.9300,1349.4100,4373.1100),(68,68,3148.5500,101.2300,101229.9400,157.4300,1180.7100,3826.3700),(69,69,6333.6200,203.6400,203633.5900,316.6900,2375.1000,7697.1100),(70,70,29787.0900,957.7100,957691.8400,1489.3900,11170.1400,36199.6100),(71,71,4230.2000,136.0000,136006.1700,211.5100,1586.3300,5140.8700),(72,72,3605.6100,115.9200,115924.8600,180.2800,1352.1100,4381.8200),(73,73,3154.2500,101.4100,101413.0000,157.7100,1182.8500,3833.2900),(74,74,6354.3900,204.2900,204301.6700,317.7200,2382.9100,7722.3600),(75,75,29856.9600,959.8900,959938.3500,1492.8500,11196.4000,36284.5200),(76,76,4252.3000,136.7100,136716.7200,212.6200,1594.6100,5167.7300),(77,77,3618.0700,116.3200,116325.4200,180.9100,1356.7700,4396.9600),(78,78,3166.0500,101.7900,101792.4300,158.3100,1187.2700,3847.6300),(79,79,6373.5600,204.9100,204917.8600,318.6900,2390.0800,7745.6500),(80,80,30012.9500,964.9100,964953.4500,1500.6800,11254.8400,36474.1000),(81,81,4272.9000,137.3800,137379.0300,213.6500,1602.3400,5192.7600),(82,82,3635.6000,116.8900,116888.9500,181.7800,1363.3500,4418.2600),(83,83,3183.5200,102.3500,102354.2500,159.1800,1193.8200,3868.8700),(84,84,6407.0000,205.9900,205992.9900,320.3600,2402.6300,7786.2800),(85,85,30158.3400,969.6300,969628.0600,1507.9500,11309.4000,36650.7600),(86,86,4278.0000,137.5400,137543.0000,213.9000,1604.2500,5198.9600),(87,87,3640.3600,117.0400,117042.2200,182.0200,1365.1400,4424.0600),(88,88,3188.6100,102.5200,102517.6800,159.4300,1195.7300,3875.0400),(89,89,6414.2200,206.2200,206225.1000,320.7100,2405.3300,7795.0600),(90,90,30194.5500,970.7700,970792.2500,1509.7300,11322.9600,36694.7800),(91,91,4267.3000,137.2000,137198.9800,213.3700,1600.2400,5185.9600),(92,92,3631.6900,116.7600,116763.1900,181.5900,1361.8800,4413.5100),(93,93,3182.3400,102.3200,102316.1400,159.1200,1193.3800,3867.4300),(94,94,6398.1800,205.7100,205709.2900,319.9200,2399.3200,7775.5700),(95,95,30119.2400,968.3800,968370.9800,1506.0000,11294.7300,36603.2800),(96,96,4272.7000,137.3700,137372.6000,213.6400,1602.2600,5192.5200),(97,97,3639.7000,117.0200,117020.8500,181.9900,1364.8900,4423.2500),(98,98,3191.9200,102.6200,102624.2000,159.6000,1196.9700,3879.0700),(99,99,6410.9700,206.1200,206120.7200,320.5600,2404.1100,7791.1200),(100,100,30157.3600,969.5800,969596.4200,1507.9000,11308.9900,36649.5900),(101,101,4275.4000,137.4600,137459.4100,213.7700,1603.2800,5195.8000),(102,102,3642.0000,117.1000,117094.8000,182.1000,1365.7500,4426.0400),(103,103,3193.0800,102.6600,102661.5600,159.6500,1197.4100,3880.4800),(104,104,6416.7300,206.3100,206305.9600,320.8400,2406.2800,7798.1200),(105,105,30176.4100,970.2100,970209.1300,1508.8200,11316.1900,36672.7400),(106,106,4279.1000,137.5800,137578.3700,213.9600,1604.6600,5200.3000),(107,107,3646.2200,117.2300,117230.5300,182.3200,1367.3300,4431.1800),(108,108,3197.1300,102.7900,102791.6800,159.8600,1198.9200,3885.4000),(109,109,6421.4300,206.4600,206456.9800,321.0800,2408.0300,7803.8300),(110,110,30202.5300,971.0600,971048.7700,1510.1600,11325.9300,36704.5000),(111,111,4279.1000,137.5800,137578.3700,213.9600,1604.6600,5200.3000),(112,112,3646.2200,117.2300,117230.5300,182.3200,1367.3300,4431.1800),(113,113,3197.1300,102.7900,102791.6800,159.8600,1198.9200,3885.4000),(114,114,6421.4300,206.4600,206456.9800,321.0800,2408.0300,7803.8300),(115,115,30202.5300,971.0600,971048.7700,1510.1600,11325.9300,36704.5000),(116,116,4275.3000,137.4500,137456.1900,213.7700,1603.2400,5195.6800),(117,117,3641.9100,117.0900,117092.0600,182.1000,1365.7200,4425.9400),(118,118,3193.0100,102.6500,102659.1600,159.6500,1197.3800,3880.3900),(119,119,6418.2900,206.3500,206356.1100,320.9200,2406.8600,7800.0100),(120,120,30175.7100,970.1400,970186.4100,1508.8200,11315.9100,36671.8900),(121,121,4269.4000,137.2600,137266.5000,213.4700,1601.0300,5188.5100),(122,122,3637.3200,116.9400,116944.1900,181.8700,1364.0000,4420.3500),(123,123,3188.6000,102.5100,102517.4900,159.4300,1195.7300,3875.0400),(124,124,6402.1800,205.8300,205837.9800,320.1100,2400.8200,7780.4300),(125,125,30134.2800,968.8100,968854.4100,1506.7100,11300.3900,36621.5400),(126,126,4270.2000,137.2900,137292.2200,213.5100,1601.3300,5189.4800),(127,127,3639.7000,117.0200,117021.0200,181.9900,1364.8900,4423.2500),(128,128,3189.6300,102.5500,102550.4200,159.4800,1196.1100,3876.2800),(129,129,6405.5100,205.9400,205945.1900,320.2800,2402.0800,7784.4800),(130,130,30133.0900,968.8000,968816.2800,1506.6500,11299.9500,36620.0800),(131,131,4270.4000,137.3000,137298.6500,213.5200,1601.4000,5189.7200),(132,132,3639.8800,117.0300,117026.5000,181.9900,1364.9500,4423.4600),(133,133,3189.7800,102.5600,102555.2300,159.4900,1196.1700,3876.4600),(134,134,6407.9500,206.0300,206023.4900,320.4000,2402.9800,7787.4300),(135,135,30130.4500,968.7400,968731.2200,1506.5200,11298.9200,36616.8500),(136,136,4269.8000,137.2800,137279.3600,213.4900,1601.1800,5188.9900),(137,137,3639.7900,117.0200,117023.7900,181.9900,1364.9300,4423.3500),(138,138,3189.7500,102.5600,102554.5500,159.4900,1196.1600,3876.4300),(139,139,6407.4800,206.0100,206008.2700,320.3700,2402.8100,7786.8600),(140,140,30126.8500,968.6200,968615.7100,1506.3400,11297.6100,36612.4800),(141,141,4265.5000,137.1400,137141.1100,213.2800,1599.5600,5183.7700),(142,142,3636.5500,116.9200,116919.6500,181.8300,1363.7000,4419.4200),(143,143,3186.5400,102.4500,102451.2700,159.3300,1194.9500,3872.5400),(144,144,6404.4300,205.9100,205910.5200,320.2300,2401.6600,7783.1700),(145,145,30096.0900,967.6200,967626.5300,1504.8400,11286.0200,36575.1300),(146,146,4278.6000,137.5600,137562.2900,213.9300,1604.4800,5199.6900),(147,147,3645.1500,117.1900,117196.1900,182.2600,1366.9400,4429.8800),(148,148,3194.6200,102.7100,102710.8800,159.7300,1197.9800,3882.3500),(149,149,6417.6900,206.3300,206336.5600,320.8800,2406.6400,7799.2800),(150,150,30187.6600,970.5500,970570.7400,1509.3800,11320.4100,36686.4100),(151,151,4281.6000,137.6600,137658.7500,214.0800,1605.6000,5203.3300),(152,152,3648.5700,117.3100,117305.9000,182.4300,1368.2100,4434.0200),(153,153,3200.2800,102.8900,102893.0300,160.0100,1200.1100,3889.2300),(154,154,6425.6100,206.5900,206591.3700,321.2800,2409.6000,7808.9000),(155,155,30208.4000,971.2500,971237.5400,1510.4200,11328.1500,36711.5700),(156,156,4288.2000,137.8700,137870.9400,214.4100,1608.0800,5211.3600),(157,157,3654.6200,117.5000,117500.5100,182.7300,1370.4900,4441.3800),(158,158,3205.6400,103.0600,103065.4200,160.2800,1202.1200,3895.7500),(159,159,6432.5100,206.8100,206813.3000,321.6300,2412.2000,7817.3000),(160,160,30255.4000,972.7400,972748.4200,1512.7700,11345.8100,36768.7500),(161,161,4308.1000,138.5100,138510.7500,215.4100,1615.5400,5235.5400),(162,162,3674.1600,118.1300,118128.8900,183.7100,1377.8100,4465.1300),(163,163,3220.9500,103.5600,103557.5600,161.0500,1207.8600,3914.3500),(164,164,6456.3300,207.5800,207579.1400,322.8200,2421.1300,7846.2400),(165,165,30394.5100,977.2200,977221.0400,1519.7600,11397.9600,36937.7800),(166,166,4316.1000,138.7700,138767.9600,215.8100,1618.5400,5245.2600),(167,167,3679.2600,118.2900,118292.7500,183.9700,1379.7200,4471.3200),(168,168,3226.0700,103.7200,103722.1100,161.3100,1209.7800,3920.5700),(169,169,6473.5000,208.1300,208131.1200,323.6800,2427.5700,7867.1000),(170,170,30456.3400,979.2200,979209.1700,1522.8500,11421.1500,37012.9100),(171,171,4329.6000,139.2000,139202.0100,216.4800,1623.6000,5261.6700),(172,172,3692.9300,118.7300,118732.3500,184.6500,1384.8500,4487.9400),(173,173,3237.8900,104.1000,104102.2200,161.8900,1214.2100,3934.9400),(174,174,6493.7500,208.7800,208782.1300,324.6900,2435.1600,7891.7200),(175,175,30545.9800,982.0800,982091.0600,1527.3000,11454.7400,37121.8700),(176,176,4336.7000,139.4300,139430.2800,216.8400,1626.2600,5270.3000),(177,177,3698.9900,118.9300,118927.0600,184.9500,1387.1200,4495.3000),(178,178,3243.2000,104.2700,104272.9300,162.1600,1216.2000,3941.3900),(179,179,6506.1300,209.1800,209180.2800,325.3100,2439.8000,7906.7700),(180,180,30594.1200,983.6400,983638.8000,1529.7400,11472.7800,37180.3900),(181,181,4321.7000,138.9500,138948.0100,216.0900,1620.6400,5252.0700),(182,182,3686.6300,118.5300,118529.6000,184.3400,1382.4900,4480.2800),(183,183,3232.4200,103.9300,103926.1600,161.6200,1212.1600,3928.2900),(184,184,6487.5200,208.5800,208581.8100,324.3800,2432.8200,7884.1400),(185,185,30488.3000,980.2500,980236.5300,1524.4500,11433.1300,37051.7800),(186,186,4340.1000,139.5400,139539.5900,217.0100,1627.5400,5274.4300),(187,187,3701.4500,119.0100,119006.3400,185.0800,1388.0500,4498.3000),(188,188,3247.9100,104.4200,104424.4500,162.4000,1217.9700,3947.1200),(189,189,6513.4100,209.4100,209414.0400,325.6800,2442.5300,7915.6000),(190,190,30618.3200,984.4200,984416.9200,1530.9500,11481.8900,37209.7900),(191,191,4346.2000,139.7300,139735.7200,217.3100,1629.8300,5281.8400),(192,192,3702.3100,119.0300,119033.8700,185.1200,1388.3700,4499.3400),(193,193,3251.1700,104.5300,104529.3100,162.5600,1219.1900,3951.0800),(194,194,6522.9900,209.7100,209722.3600,326.1500,2446.1300,7927.2500),(195,195,30661.3500,985.7600,985800.5700,1533.0700,11498.0400,37262.0600),(196,196,4285.3000,137.7800,137777.7100,214.2700,1606.9900,5207.8300),(197,197,3651.7200,117.4100,117407.2800,182.5900,1369.4000,4437.8500),(198,198,3209.9000,103.2000,103202.3900,160.5000,1203.7200,3900.9300),(199,199,6451.7300,207.4300,207431.2300,322.5900,2419.4000,7840.6500),(200,200,30233.2200,972.0500,972035.5200,1511.7000,11337.4800,36741.7600),(201,201,4280.8000,137.6300,137633.0300,214.0400,1605.3000,5202.3600),(202,202,3649.6000,117.3400,117339.0400,182.4800,1368.6000,4435.2700),(203,203,3207.3900,103.1200,103121.5500,160.3700,1202.7700,3897.8700),(204,204,6445.8100,207.2400,207240.9300,322.2900,2417.1800,7833.4500),(205,205,30201.6900,971.0000,971021.6700,1510.0800,11325.6300,36703.4300),(206,206,4293.4000,138.0400,138038.1300,214.6700,1610.0300,5217.6700),(207,207,3655.6200,117.5300,117532.5700,182.7800,1370.8600,4442.5900),(208,208,3211.2500,103.2500,103245.6200,160.5600,1204.2200,3902.5600),(209,209,6454.9100,207.5400,207533.4300,322.7500,2420.6000,7844.5100),(210,210,30288.8600,973.8400,973824.5000,1514.4400,11358.3600,36809.3600),(211,211,4294.0000,138.0600,138057.4200,214.7000,1610.2500,5218.4000),(212,212,3658.2700,117.6200,117618.0200,182.9100,1371.8500,4445.8200),(213,213,3214.7000,103.3600,103356.6900,160.7400,1205.5100,3906.7600),(214,214,6455.3800,207.5500,207548.6200,322.7700,2420.7700,7845.0800),(215,215,30293.1000,973.9800,973960.5800,1514.6500,11359.9100,36814.5100),(216,216,4295.7000,138.1100,138112.0800,214.7900,1610.8900,5220.4700),(217,217,3659.2900,117.6500,117650.7800,182.9700,1372.2400,4447.0600),(218,218,3213.8300,103.3300,103328.5500,160.7000,1205.1900,3905.6900),(219,219,6457.5100,207.6100,207616.9800,322.8800,2421.5700,7847.6700),(220,220,30305.0900,974.3300,974346.2000,1515.2900,11364.4300,36829.1100),(221,221,4298.4000,138.2000,138198.8900,214.9200,1611.9000,5223.7500),(222,222,3662.4500,117.7500,117752.3600,183.1200,1373.4200,4450.9000),(223,223,3217.1400,103.4400,103434.9600,160.8600,1206.4300,3909.7200),(224,224,6463.2900,207.8000,207802.7600,323.1600,2423.7300,7854.6900),(225,225,30324.1400,974.9700,974958.6200,1516.2100,11371.5500,36852.2500),(226,226,4298.7000,138.2100,138208.5300,214.9400,1612.0100,5224.1200),(227,227,3662.2800,117.7500,117746.7600,183.1200,1373.3500,4450.6900),(228,228,3215.6400,103.3900,103386.8900,160.7900,1205.8600,3907.9000),(229,229,6462.4500,207.7800,207775.7900,323.1300,2423.4200,7853.6800),(230,230,30326.2500,975.0400,975026.6300,1516.3500,11372.3300,36854.8600),(231,231,4298.7000,138.2100,138208.5300,214.9400,1612.0100,5224.1200),(232,232,3662.2800,117.7500,117746.7600,183.1200,1373.3500,4450.6900),(233,233,3215.6400,103.3900,103386.8900,160.7900,1205.8600,3907.9000),(234,234,6462.4500,207.7800,207775.7900,323.1300,2423.4200,7853.6800),(235,235,30326.2500,975.0400,975026.6300,1516.3500,11372.3300,36854.8600),(236,236,4298.7000,138.2100,138208.5300,214.9400,1612.0100,5224.1200),(237,237,3662.2800,117.7500,117746.7600,183.1200,1373.3500,4450.6900),(238,238,3215.6400,103.3900,103386.8900,160.7900,1205.8600,3907.9000),(239,239,6462.4500,207.7800,207775.7900,323.1300,2423.4200,7853.6800),(240,240,30326.2500,975.0400,975026.6300,1516.3500,11372.3300,36854.8600),(241,241,4298.7000,138.2100,138208.5300,214.9400,1612.0100,5224.1200),(242,242,3662.2800,117.7500,117746.7600,183.1200,1373.3500,4450.6900),(243,243,3215.6400,103.3900,103386.8900,160.7900,1205.8600,3907.9000),(244,244,6462.4500,207.7800,207775.7900,323.1300,2423.4200,7853.6800),(245,245,30326.2500,975.0400,975026.6300,1516.3500,11372.3300,36854.8600),(246,246,4298.7000,138.2100,138208.5300,214.9400,1612.0100,5224.1200),(247,247,3662.2800,117.7500,117746.7600,183.1200,1373.3500,4450.6900),(248,248,3215.6400,103.3900,103386.8900,160.7900,1205.8600,3907.9000),(249,249,6462.4500,207.7800,207775.7900,323.1300,2423.4200,7853.6800),(250,250,30326.2500,975.0400,975026.6300,1516.3500,11372.3300,36854.8600),(251,251,4298.7000,138.2100,138208.5300,214.9400,1612.0100,5224.1200),(252,252,3662.2800,117.7500,117746.7600,183.1200,1373.3500,4450.6900),(253,253,3215.6400,103.3900,103386.8900,160.7900,1205.8600,3907.9000),(254,254,6462.4500,207.7800,207775.7900,323.1300,2423.4200,7853.6800),(255,255,30326.2500,975.0400,975026.6300,1516.3500,11372.3300,36854.8600),(256,256,4298.7000,138.2100,138208.5300,214.9400,1612.0100,5224.1200),(257,257,3662.2800,117.7500,117746.7600,183.1200,1373.3500,4450.6900),(258,258,3215.6400,103.3900,103386.8900,160.7900,1205.8600,3907.9000),(259,259,6462.4500,207.7800,207775.7900,323.1300,2423.4200,7853.6800),(260,260,30326.2500,975.0400,975026.6300,1516.3500,11372.3300,36854.8600),(261,261,4298.7000,138.2100,138208.5300,214.9400,1612.0100,5224.1200),(262,262,3662.2800,117.7500,117746.7600,183.1200,1373.3500,4450.6900),(263,263,3215.6400,103.3900,103386.8900,160.7900,1205.8600,3907.9000),(264,264,6462.4500,207.7800,207775.7900,323.1300,2423.4200,7853.6800),(265,265,30326.2500,975.0400,975026.6300,1516.3500,11372.3300,36854.8600),(266,266,4298.7000,138.2100,138208.5300,214.9400,1612.0100,5224.1200),(267,267,3662.2800,117.7500,117746.7600,183.1200,1373.3500,4450.6900),(268,268,3215.6400,103.3900,103386.8900,160.7900,1205.8600,3907.9000),(269,269,6462.4500,207.7800,207775.7900,323.1300,2423.4200,7853.6800),(270,270,30326.2500,975.0400,975026.6300,1516.3500,11372.3300,36854.8600),(271,271,4298.7000,138.2100,138208.5300,214.9400,1612.0100,5224.1200),(272,272,3662.2800,117.7500,117746.7600,183.1200,1373.3500,4450.6900),(273,273,3215.6400,103.3900,103386.8900,160.7900,1205.8600,3907.9000),(274,274,6462.4500,207.7800,207775.7900,323.1300,2423.4200,7853.6800),(275,275,30326.2500,975.0400,975026.6300,1516.3500,11372.3300,36854.8600),(276,276,4298.7000,138.2100,138208.5300,214.9400,1612.0100,5224.1200),(277,277,3662.2800,117.7500,117746.7600,183.1200,1373.3500,4450.6900),(278,278,3215.6400,103.3900,103386.8900,160.7900,1205.8600,3907.9000),(279,279,6462.4500,207.7800,207775.7900,323.1300,2423.4200,7853.6800),(280,280,30326.2500,975.0400,975026.6300,1516.3500,11372.3300,36854.8600),(281,281,4298.7000,138.2100,138208.5300,214.9400,1612.0100,5224.1200),(282,282,3662.2800,117.7500,117746.7600,183.1200,1373.3500,4450.6900),(283,283,3215.6400,103.3900,103386.8900,160.7900,1205.8600,3907.9000),(284,284,6462.4500,207.7800,207775.7900,323.1300,2423.4200,7853.6800),(285,285,30326.2500,975.0400,975026.6300,1516.3500,11372.3300,36854.8600),(286,286,4298.7000,138.2100,138208.5300,214.9400,1612.0100,5224.1200),(287,287,3662.2800,117.7500,117746.7600,183.1200,1373.3500,4450.6900),(288,288,3215.6400,103.3900,103386.8900,160.7900,1205.8600,3907.9000),(289,289,6462.4500,207.7800,207775.7900,323.1300,2423.4200,7853.6800),(290,290,30326.2500,975.0400,975026.6300,1516.3500,11372.3300,36854.8600),(291,291,4298.7000,138.2100,138208.5300,214.9400,1612.0100,5224.1200),(292,292,3662.2800,117.7500,117746.7600,183.1200,1373.3500,4450.6900),(293,293,3215.6400,103.3900,103386.8900,160.7900,1205.8600,3907.9000),(294,294,6462.4500,207.7800,207775.7900,323.1300,2423.4200,7853.6800),(295,295,30326.2500,975.0400,975026.6300,1516.3500,11372.3300,36854.8600),(296,296,4298.7000,138.2100,138208.5300,214.9400,1612.0100,5224.1200),(297,297,3662.2800,117.7500,117746.7600,183.1200,1373.3500,4450.6900),(298,298,3215.6400,103.3900,103386.8900,160.7900,1205.8600,3907.9000),(299,299,6462.4500,207.7800,207775.7900,323.1300,2423.4200,7853.6800),(300,300,30326.2500,975.0400,975026.6300,1516.3500,11372.3300,36854.8600),(301,301,4298.7000,138.2100,138208.5300,214.9400,1612.0100,5224.1200),(302,302,3662.2800,117.7500,117746.7600,183.1200,1373.3500,4450.6900),(303,303,3215.6400,103.3900,103386.8900,160.7900,1205.8600,3907.9000),(304,304,6462.4500,207.7800,207775.7900,323.1300,2423.4200,7853.6800),(305,305,30326.2500,975.0400,975026.6300,1516.3500,11372.3300,36854.8600),(306,306,4298.7000,138.2100,138208.5300,214.9400,1612.0100,5224.1200),(307,307,3662.2800,117.7500,117746.7600,183.1200,1373.3500,4450.6900),(308,308,3215.6400,103.3900,103386.8900,160.7900,1205.8600,3907.9000),(309,309,6462.4500,207.7800,207775.7900,323.1300,2423.4200,7853.6800),(310,310,30326.2500,975.0400,975026.6300,1516.3500,11372.3300,36854.8600),(311,311,4298.7000,138.2100,138208.5300,214.9400,1612.0100,5224.1200),(312,312,3662.2800,117.7500,117746.7600,183.1200,1373.3500,4450.6900),(313,313,3215.6400,103.3900,103386.8900,160.7900,1205.8600,3907.9000),(314,314,6462.4500,207.7800,207775.7900,323.1300,2423.4200,7853.6800),(315,315,30326.2500,975.0400,975026.6300,1516.3500,11372.3300,36854.8600),(316,316,4298.7000,138.2100,138208.5300,214.9400,1612.0100,5224.1200),(317,317,3662.2800,117.7500,117746.7600,183.1200,1373.3500,4450.6900),(318,318,3215.6400,103.3900,103386.8900,160.7900,1205.8600,3907.9000),(319,319,6462.4500,207.7800,207775.7900,323.1300,2423.4200,7853.6800),(320,320,30326.2500,975.0400,975026.6300,1516.3500,11372.3300,36854.8600),(321,321,4298.7000,138.2100,138208.5300,214.9400,1612.0100,5224.1200),(322,322,3662.2800,117.7500,117746.7600,183.1200,1373.3500,4450.6900),(323,323,3215.6400,103.3900,103386.8900,160.7900,1205.8600,3907.9000),(324,324,6462.4500,207.7800,207775.7900,323.1300,2423.4200,7853.6800),(325,325,30326.2500,975.0400,975026.6300,1516.3500,11372.3300,36854.8600),(326,326,4298.7000,138.2100,138208.5300,214.9400,1612.0100,5224.1200),(327,327,3662.2800,117.7500,117746.7600,183.1200,1373.3500,4450.6900),(328,328,3215.6400,103.3900,103386.8900,160.7900,1205.8600,3907.9000),(329,329,6462.4500,207.7800,207775.7900,323.1300,2423.4200,7853.6800),(330,330,30326.2500,975.0400,975026.6300,1516.3500,11372.3300,36854.8600),(331,331,4298.7000,138.2100,138208.5300,214.9400,1612.0100,5224.1200),(332,332,3662.2800,117.7500,117746.7600,183.1200,1373.3500,4450.6900),(333,333,3215.6400,103.3900,103386.8900,160.7900,1205.8600,3907.9000),(334,334,6462.4500,207.7800,207775.7900,323.1300,2423.4200,7853.6800),(335,335,30326.2500,975.0400,975026.6300,1516.3500,11372.3300,36854.8600),(336,336,4298.7000,138.2100,138208.5300,214.9400,1612.0100,5224.1200),(337,337,3662.2800,117.7500,117746.7600,183.1200,1373.3500,4450.6900),(338,338,3215.6400,103.3900,103386.8900,160.7900,1205.8600,3907.9000),(339,339,6462.4500,207.7800,207775.7900,323.1300,2423.4200,7853.6800),(340,340,30326.2500,975.0400,975026.6300,1516.3500,11372.3300,36854.8600),(341,341,4298.7000,138.2100,138208.5300,214.9400,1612.0100,5224.1200),(342,342,3662.2800,117.7500,117746.7600,183.1200,1373.3500,4450.6900),(343,343,3215.6400,103.3900,103386.8900,160.7900,1205.8600,3907.9000),(344,344,6462.4500,207.7800,207775.7900,323.1300,2423.4200,7853.6800),(345,345,30326.2500,975.0400,975026.6300,1516.3500,11372.3300,36854.8600),(346,346,4298.7000,138.2100,138208.5300,214.9400,1612.0100,5224.1200),(347,347,3662.2800,117.7500,117746.7600,183.1200,1373.3500,4450.6900),(348,348,3215.6400,103.3900,103386.8900,160.7900,1205.8600,3907.9000),(349,349,6462.4500,207.7800,207775.7900,323.1300,2423.4200,7853.6800),(350,350,30326.2500,975.0400,975026.6300,1516.3500,11372.3300,36854.8600),(351,351,4298.7000,138.2100,138208.5300,214.9400,1612.0100,5224.1200),(352,352,3662.2800,117.7500,117746.7600,183.1200,1373.3500,4450.6900),(353,353,3215.6400,103.3900,103386.8900,160.7900,1205.8600,3907.9000),(354,354,6462.4500,207.7800,207775.7900,323.1300,2423.4200,7853.6800),(355,355,30326.2500,975.0400,975026.6300,1516.3500,11372.3300,36854.8600),(356,356,4298.7000,138.2100,138208.5300,214.9400,1612.0100,5224.1200),(357,357,3662.2800,117.7500,117746.7600,183.1200,1373.3500,4450.6900),(358,358,3215.6400,103.3900,103386.8900,160.7900,1205.8600,3907.9000),(359,359,6462.4500,207.7800,207775.7900,323.1300,2423.4200,7853.6800),(360,360,30326.2500,975.0400,975026.6300,1516.3500,11372.3300,36854.8600),(361,361,4298.7000,138.2100,138208.5300,214.9400,1612.0100,5224.1200),(362,362,3662.2800,117.7500,117746.7600,183.1200,1373.3500,4450.6900),(363,363,3215.6400,103.3900,103386.8900,160.7900,1205.8600,3907.9000),(364,364,6462.4500,207.7800,207775.7900,323.1300,2423.4200,7853.6800),(365,365,30326.2500,975.0400,975026.6300,1516.3500,11372.3300,36854.8600),(366,366,4298.7000,138.2100,138208.5300,214.9400,1612.0100,5224.1200),(367,367,3662.2800,117.7500,117746.7600,183.1200,1373.3500,4450.6900),(368,368,3215.6400,103.3900,103386.8900,160.7900,1205.8600,3907.9000),(369,369,6462.4500,207.7800,207775.7900,323.1300,2423.4200,7853.6800),(370,370,30326.2500,975.0400,975026.6300,1516.3500,11372.3300,36854.8600),(371,371,4298.7000,138.2100,138208.5300,214.9400,1612.0100,5224.1200),(372,372,3662.2800,117.7500,117746.7600,183.1200,1373.3500,4450.6900),(373,373,3215.6400,103.3900,103386.8900,160.7900,1205.8600,3907.9000),(374,374,6462.4500,207.7800,207775.7900,323.1300,2423.4200,7853.6800),(375,375,30326.2500,975.0400,975026.6300,1516.3500,11372.3300,36854.8600),(376,376,4298.7000,138.2100,138208.5300,214.9400,1612.0100,5224.1200),(377,377,3662.2800,117.7500,117746.7600,183.1200,1373.3500,4450.6900),(378,378,3215.6400,103.3900,103386.8900,160.7900,1205.8600,3907.9000),(379,379,6462.4500,207.7800,207775.7900,323.1300,2423.4200,7853.6800),(380,380,30326.2500,975.0400,975026.6300,1516.3500,11372.3300,36854.8600),(381,381,4298.7000,138.2100,138208.5300,214.9400,1612.0100,5224.1200),(382,382,3662.2800,117.7500,117746.7600,183.1200,1373.3500,4450.6900),(383,383,3215.6400,103.3900,103386.8900,160.7900,1205.8600,3907.9000),(384,384,6462.4500,207.7800,207775.7900,323.1300,2423.4200,7853.6800),(385,385,30326.2500,975.0400,975026.6300,1516.3500,11372.3300,36854.8600),(386,386,4298.7000,138.2100,138208.5300,214.9400,1612.0100,5224.1200),(387,387,3662.2800,117.7500,117746.7600,183.1200,1373.3500,4450.6900),(388,388,3215.6400,103.3900,103386.8900,160.7900,1205.8600,3907.9000),(389,389,6462.4500,207.7800,207775.7900,323.1300,2423.4200,7853.6800),(390,390,30326.2500,975.0400,975026.6300,1516.3500,11372.3300,36854.8600),(391,391,4298.7000,138.2100,138208.5300,214.9400,1612.0100,5224.1200),(392,392,3662.2800,117.7500,117746.7600,183.1200,1373.3500,4450.6900),(393,393,3215.6400,103.3900,103386.8900,160.7900,1205.8600,3907.9000),(394,394,6462.4500,207.7800,207775.7900,323.1300,2423.4200,7853.6800),(395,395,30326.2500,975.0400,975026.6300,1516.3500,11372.3300,36854.8600),(396,396,4298.7000,138.2100,138208.5300,214.9400,1612.0100,5224.1200),(397,397,3662.2800,117.7500,117746.7600,183.1200,1373.3500,4450.6900),(398,398,3215.6400,103.3900,103386.8900,160.7900,1205.8600,3907.9000),(399,399,6462.4500,207.7800,207775.7900,323.1300,2423.4200,7853.6800),(400,400,30326.2500,975.0400,975026.6300,1516.3500,11372.3300,36854.8600),(401,401,4298.7000,138.2100,138208.5300,214.9400,1612.0100,5224.1200),(402,402,3662.2800,117.7500,117746.7600,183.1200,1373.3500,4450.6900),(403,403,3215.6400,103.3900,103386.8900,160.7900,1205.8600,3907.9000),(404,404,6462.4500,207.7800,207775.7900,323.1300,2423.4200,7853.6800),(405,405,30326.2500,975.0400,975026.6300,1516.3500,11372.3300,36854.8600),(406,406,4298.7000,138.2100,138208.5300,214.9400,1612.0100,5224.1200),(407,407,3662.2800,117.7500,117746.7600,183.1200,1373.3500,4450.6900),(408,408,3215.6400,103.3900,103386.8900,160.7900,1205.8600,3907.9000),(409,409,6462.4500,207.7800,207775.7900,323.1300,2423.4200,7853.6800),(410,410,30326.2500,975.0400,975026.6300,1516.3500,11372.3300,36854.8600),(411,411,4298.7000,138.2100,138208.5300,214.9400,1612.0100,5224.1200),(412,412,3662.2800,117.7500,117746.7600,183.1200,1373.3500,4450.6900),(413,413,3215.6400,103.3900,103386.8900,160.7900,1205.8600,3907.9000),(414,414,6462.4500,207.7800,207775.7900,323.1300,2423.4200,7853.6800),(415,415,30326.2500,975.0400,975026.6300,1516.3500,11372.3300,36854.8600),(416,416,4298.7000,138.2100,138208.5300,214.9400,1612.0100,5224.1200),(417,417,3662.2800,117.7500,117746.7600,183.1200,1373.3500,4450.6900),(418,418,3215.6400,103.3900,103386.8900,160.7900,1205.8600,3907.9000),(419,419,6462.4500,207.7800,207775.7900,323.1300,2423.4200,7853.6800),(420,420,30326.2500,975.0400,975026.6300,1516.3500,11372.3300,36854.8600),(421,421,4298.7000,138.2100,138208.5300,214.9400,1612.0100,5224.1200),(422,422,3662.2800,117.7500,117746.7600,183.1200,1373.3500,4450.6900),(423,423,3215.6400,103.3900,103386.8900,160.7900,1205.8600,3907.9000),(424,424,6462.4500,207.7800,207775.7900,323.1300,2423.4200,7853.6800),(425,425,30326.2500,975.0400,975026.6300,1516.3500,11372.3300,36854.8600),(426,426,4298.7000,138.2100,138208.5300,214.9400,1612.0100,5224.1200),(427,427,3662.2800,117.7500,117746.7600,183.1200,1373.3500,4450.6900),(428,428,3215.6400,103.3900,103386.8900,160.7900,1205.8600,3907.9000),(429,429,6462.4500,207.7800,207775.7900,323.1300,2423.4200,7853.6800),(430,430,30326.2500,975.0400,975026.6300,1516.3500,11372.3300,36854.8600),(431,431,4298.7000,138.2100,138208.5300,214.9400,1612.0100,5224.1200),(432,432,3662.2800,117.7500,117746.7600,183.1200,1373.3500,4450.6900),(433,433,3215.6400,103.3900,103386.8900,160.7900,1205.8600,3907.9000),(434,434,6462.4500,207.7800,207775.7900,323.1300,2423.4200,7853.6800),(435,435,30326.2500,975.0400,975026.6300,1516.3500,11372.3300,36854.8600),(436,436,4298.7000,138.2100,138208.5300,214.9400,1612.0100,5224.1200),(437,437,3662.2800,117.7500,117746.7600,183.1200,1373.3500,4450.6900),(438,438,3215.6400,103.3900,103386.8900,160.7900,1205.8600,3907.9000),(439,439,6462.4500,207.7800,207775.7900,323.1300,2423.4200,7853.6800),(440,440,30326.2500,975.0400,975026.6300,1516.3500,11372.3300,36854.8600),(441,441,4298.7000,138.2100,138208.5300,214.9400,1612.0100,5224.1200),(442,442,3662.2800,117.7500,117746.7600,183.1200,1373.3500,4450.6900),(443,443,3215.6400,103.3900,103386.8900,160.7900,1205.8600,3907.9000),(444,444,6462.4500,207.7800,207775.7900,323.1300,2423.4200,7853.6800),(445,445,30326.2500,975.0400,975026.6300,1516.3500,11372.3300,36854.8600),(446,446,4298.7000,138.2100,138208.5300,214.9400,1612.0100,5224.1200),(447,447,3662.2800,117.7500,117746.7600,183.1200,1373.3500,4450.6900),(448,448,3215.6400,103.3900,103386.8900,160.7900,1205.8600,3907.9000),(449,449,6462.4500,207.7800,207775.7900,323.1300,2423.4200,7853.6800),(450,450,30326.2500,975.0400,975026.6300,1516.3500,11372.3300,36854.8600),(451,451,4298.7000,138.2100,138208.5300,214.9400,1612.0100,5224.1200),(452,452,3662.2800,117.7500,117746.7600,183.1200,1373.3500,4450.6900),(453,453,3215.6400,103.3900,103386.8900,160.7900,1205.8600,3907.9000),(454,454,6462.4500,207.7800,207775.7900,323.1300,2423.4200,7853.6800),(455,455,30326.2500,975.0400,975026.6300,1516.3500,11372.3300,36854.8600),(456,456,4298.7000,138.2100,138208.5300,214.9400,1612.0100,5224.1200),(457,457,3662.2800,117.7500,117746.7600,183.1200,1373.3500,4450.6900),(458,458,3215.6400,103.3900,103386.8900,160.7900,1205.8600,3907.9000),(459,459,6462.4500,207.7800,207775.7900,323.1300,2423.4200,7853.6800),(460,460,30326.2500,975.0400,975026.6300,1516.3500,11372.3300,36854.8600),(461,461,4298.7000,138.2100,138208.5300,214.9400,1612.0100,5224.1200),(462,462,3662.2800,117.7500,117746.7600,183.1200,1373.3500,4450.6900),(463,463,3215.6400,103.3900,103386.8900,160.7900,1205.8600,3907.9000),(464,464,6462.4500,207.7800,207775.7900,323.1300,2423.4200,7853.6800),(465,465,30326.2500,975.0400,975026.6300,1516.3500,11372.3300,36854.8600),(466,466,4298.7000,138.2100,138208.5300,214.9400,1612.0100,5224.1200),(467,467,3662.2800,117.7500,117746.7600,183.1200,1373.3500,4450.6900),(468,468,3215.6400,103.3900,103386.8900,160.7900,1205.8600,3907.9000),(469,469,6462.4500,207.7800,207775.7900,323.1300,2423.4200,7853.6800),(470,470,30326.2500,975.0400,975026.6300,1516.3500,11372.3300,36854.8600),(471,471,4298.7000,138.2100,138208.5300,214.9400,1612.0100,5224.1200),(472,472,3662.7100,117.7600,117760.5800,183.1400,1373.5100,4451.2100),(473,473,3215.6400,103.3900,103386.8900,160.7900,1205.8600,3907.9000),(474,474,6468.4700,207.9700,207969.2900,323.4300,2425.6700,7860.9900),(475,475,30326.2500,975.0400,975026.6300,1516.3500,11372.3300,36854.8600),(476,476,4301.5000,138.3000,138298.5600,215.0800,1613.0600,5227.5200),(477,477,3665.9500,117.8700,117864.9500,183.3000,1374.7300,4455.1500),(478,478,3219.0300,103.5000,103495.7300,160.9600,1207.1300,3912.0100),(479,479,6471.3900,208.0700,208063.2700,323.5800,2426.7700,7864.5400),(480,480,30346.0100,975.6700,975661.7700,1517.3400,11379.7400,36878.8500),(481,481,4306.6000,138.4600,138462.5300,215.3300,1614.9800,5233.7200),(482,482,3671.1600,118.0300,118032.3800,183.5600,1376.6900,4461.4800),(483,483,3223.7100,103.6400,103646.1300,161.1900,1208.8900,3917.7000),(484,484,6479.5000,208.3200,208323.8000,323.9700,2429.8200,7874.3900),(485,485,30380.9100,976.7700,976783.9200,1519.0500,11392.8800,36921.2800),(486,486,4322.7000,138.9800,138980.1600,216.1400,1621.0100,5253.2800),(487,487,3682.7200,118.4000,118404.1500,184.1400,1381.0200,4475.5300),(488,488,3233.1600,103.9500,103950.2100,161.6600,1212.4300,3929.1900),(489,489,6499.4000,208.9600,208963.6200,324.9800,2437.2700,7898.5700),(490,490,30490.1600,980.3000,980296.5600,1524.5400,11433.7900,37054.0100),(491,491,4324.3000,139.0300,139031.6000,216.2200,1621.6100,5255.2300),(492,492,3683.6500,118.4300,118434.0700,184.1900,1381.3700,4476.6700),(493,493,3235.6600,104.0300,104030.3900,161.7900,1213.3700,3932.2300),(494,494,6505.2600,209.1500,209152.1900,325.2700,2439.4700,7905.7100),(495,495,30494.5300,980.4300,980436.9400,1524.7600,11435.4300,37059.3600),(496,496,4325.5000,139.0700,139070.1900,216.2800,1622.0600,5256.6800),(497,497,3686.8400,118.5400,118536.4800,184.3500,1382.5600,4480.5300),(498,498,3239.5800,104.1600,104156.6200,161.9800,1214.8400,3936.9900),(499,499,6510.9600,209.3400,209335.4000,325.5600,2441.6100,7912.6200),(500,500,30496.5100,980.5000,980500.4700,1524.8600,11436.1700,37061.7000),(501,501,4325.2000,139.0600,139060.5400,216.2600,1621.9500,5256.3200),(502,502,3687.4500,118.5600,118556.0600,184.3700,1382.7900,4481.2800),(503,503,3238.9300,104.1400,104135.4900,161.9500,1214.6000,3936.2000),(504,504,6509.6400,209.2900,209293.0700,325.4800,2441.1200,7911.0200),(505,505,30493.0900,980.3900,980390.7100,1524.6500,11434.9100,37057.5800),(506,506,4342.5000,139.6100,139616.7600,217.1300,1628.4400,5277.3400),(507,507,3701.7600,119.0100,119016.3100,185.0900,1388.1600,4498.6700),(508,508,3250.1400,104.4900,104496.1600,162.5100,1218.8100,3949.8300),(509,509,6535.6800,210.1200,210130.2000,326.7900,2450.8800,7942.6600),(510,510,30616.3600,984.3100,984354.0000,1530.8500,11481.1500,37207.3600),(511,511,4343.3000,139.6400,139642.4800,217.1700,1628.7400,5278.3200),(512,512,3701.5800,119.0100,119010.3000,185.0800,1388.0900,4498.4500),(513,513,3249.8700,104.4900,104487.4900,162.5000,1218.7000,3949.5000),(514,514,6532.7600,210.0300,210036.2500,326.6500,2449.7900,7939.1200),(515,515,30613.7500,984.2500,984270.0200,1530.7200,11480.1700,37204.2400);
/*!40000 ALTER TABLE `unit_prices` ENABLE KEYS */;
UNLOCK TABLES;
/*!40103 SET TIME_ZONE=@OLD_TIME_ZONE */;

/*!40101 SET SQL_MODE=@OLD_SQL_MODE */;
/*!40014 SET FOREIGN_KEY_CHECKS=@OLD_FOREIGN_KEY_CHECKS */;
/*!40014 SET UNIQUE_CHECKS=@OLD_UNIQUE_CHECKS */;
/*!40101 SET CHARACTER_SET_CLIENT=@OLD_CHARACTER_SET_CLIENT */;
/*!40101 SET CHARACTER_SET_RESULTS=@OLD_CHARACTER_SET_RESULTS */;
/*!40101 SET COLLATION_CONNECTION=@OLD_COLLATION_CONNECTION */;
/*!40111 SET SQL_NOTES=@OLD_SQL_NOTES */;

-- Dump completed on 2025-12-15 15:22:13
